Unnamed: 0,Step,Label,VehicleID,Distance_driven,Speed_respect,secure_dist,TTC_respect,safe_dist,Emergency_Brake,Total
0,2.0,Normal,Normal1,0,0,0,0,0,0,0
1,3.0,Normal,Normal1,1,0,0,0,0,0,0
2,4.0,Normal,Normal1,5,0,0,0,0,0,0
3,5.0,Normal,Normal1,9,0,0,0,0,0,0
4,5.0,Slow,Slow1,0,0,0,0,0,0,0
5,6.0,Normal,Normal1,11,0,0,0,0,0,0
6,6.0,Slow,Slow1,0,0,0,0,0,0,0
7,7.0,Normal,Normal1,13,0,0,0,0,0,0
8,7.0,Slow,Slow1,1,0,0,0,0,0,0
9,8.0,Normal,Normal1,14,0,0,0,0,0,0
10,8.0,Slow,Slow1,2,0,0,0,0,0,0
11,9.0,Normal,Normal1,15,0,0,0,0,0,0
12,9.0,Slow,Slow1,4,0,0,0,0,0,0
13,10.0,Normal,Normal1,16,0,0,0,0,0,0
14,10.0,Slow,Slow1,5,0,0,0,0,0,0
15,11.0,Normal,Normal1,16,0,0,0,0,0,0
16,11.0,Slow,Slow1,6,0,0,0,0,0,0
17,12.0,Normal,Normal1,16,0,0,0,0,0,0
18,12.0,Slow,Slow1,7,0,0,0,0,0,0
19,13.0,Normal,Normal1,16,0,0,0,0,0,0
20,13.0,Slow,Slow1,7,0,0,0,0,0,0
21,13.0,Normal,normal.0,0,0,0,0,0,0,0
22,14.0,Normal,Normal1,16,0,0,0,0,0,0
23,14.0,Slow,Slow1,8,0,0,0,0,0,0
24,14.0,Normal,normal.0,0,0,0,0,0,0,0
25,15.0,Normal,Normal1,17,0,0,0,0,0,0
26,15.0,Slow,Slow1,8,0,0,0,0,0,0
27,15.0,Normal,normal.0,0,0,0,0,0,0,0
28,16.0,Normal,Normal1,17,0,0,0,0,0,0
29,16.0,Slow,Slow1,9,0,0,0,0,0,0
30,16.0,Normal,normal.0,0,0,0,0,0,0,0
31,17.0,Normal,Normal1,17,0,0,0,0,0,0
32,17.0,Slow,Slow1,9,0,0,0,0,0,0
33,17.0,Normal,normal.0,1,0,0,0,0,0,0
34,18.0,Normal,Normal1,17,0,0,0,0,0,0
35,18.0,Slow,Slow1,9,0,0,0,0,0,0
36,18.0,Normal,normal.0,1,0,0,0,0,0,0
37,19.0,Normal,Normal1,17,0,0,0,0,0,0
38,19.0,Slow,Slow1,9,0,0,0,0,0,0
39,19.0,Normal,normal.0,1,0,0,0,0,0,0
40,20.0,Normal,Normal1,17,0,0,0,0,0,0
41,20.0,Slow,Slow1,9,0,0,0,0,0,0
42,20.0,Normal,normal.0,1,0,0,0,0,0,0
43,21.0,Normal,Normal1,17,0,0,0,0,0,0
44,21.0,Slow,Slow1,9,0,0,0,0,0,0
45,21.0,Normal,normal.0,2,0,0,0,0,0,0
46,22.0,Normal,Normal1,17,0,0,0,0,0,0
47,22.0,Slow,Slow1,10,0,0,0,0,0,0
48,22.0,Normal,normal.0,2,0,0,0,0,0,0
49,23.0,Normal,Normal1,17,0,0,0,0,0,0
50,23.0,Slow,Slow1,10,0,0,0,0,0,0
51,23.0,Normal,normal.0,2,0,0,0,0,0,0
52,24.0,Normal,Normal1,17,0,0,0,0,0,0
53,24.0,Slow,Slow1,10,0,0,0,0,0,0
54,24.0,Normal,normal.0,2,0,0,0,0,0,0
55,25.0,Normal,Normal1,17,0,0,0,0,0,0
56,25.0,Slow,Slow1,10,0,0,0,0,0,0
57,25.0,Normal,normal.0,2,0,0,0,0,0,0
58,26.0,Normal,Normal1,17,0,0,0,0,0,0
59,26.0,Slow,Slow1,10,0,0,0,0,0,0
60,26.0,Normal,normal.0,2,0,0,0,0,0,0
61,27.0,Normal,Normal1,17,0,0,0,0,0,0
62,27.0,Slow,Slow1,10,0,0,0,0,0,0
63,27.0,Normal,normal.0,2,0,0,0,0,0,0
64,28.0,Normal,Normal1,17,0,0,0,0,0,0
65,28.0,Slow,Slow1,10,0,0,0,0,0,0
66,28.0,Normal,normal.0,2,0,0,0,0,0,0
67,29.0,Normal,Normal1,17,0,0,0,0,0,0
68,29.0,Slow,Slow1,10,0,0,0,0,0,0
69,29.0,Normal,normal.0,2,0,0,0,0,0,0
70,30.0,Normal,Normal1,17,0,0,0,0,0,0
71,30.0,Slow,Slow1,10,0,0,0,0,0,0
72,30.0,Normal,normal.0,2,0,0,0,0,0,0
73,31.0,Normal,Normal1,17,0,0,0,0,0,0
74,31.0,Slow,Slow1,10,0,0,0,0,0,0
75,31.0,Normal,normal.0,2,0,0,0,0,0,0
76,32.0,Normal,Normal1,17,0,0,0,0,0,0
77,32.0,Slow,Slow1,10,0,0,0,0,0,0
78,32.0,Normal,normal.0,2,0,0,0,0,0,0
79,33.0,Normal,Normal1,17,0,0,0,0,0,0
80,33.0,Slow,Slow1,10,0,0,0,0,0,0
81,33.0,Normal,normal.0,2,0,0,0,0,0,0
82,34.0,Normal,Normal1,17,0,0,0,0,0,0
83,34.0,Slow,Slow1,10,0,0,0,0,0,0
84,34.0,Normal,normal.0,2,0,0,0,0,0,0
85,35.0,Normal,Normal1,17,0,0,0,0,0,0
86,35.0,Slow,Slow1,10,0,0,0,0,0,0
87,35.0,Normal,normal.0,2,0,0,0,0,0,0
88,36.0,Normal,Normal1,17,0,0,0,0,0,0
89,36.0,Slow,Slow1,10,0,0,0,0,0,0
90,36.0,Normal,normal.0,2,0,0,0,0,0,0
91,37.0,Normal,Normal1,17,0,0,0,0,0,0
92,37.0,Slow,Slow1,10,0,0,0,0,0,0
93,37.0,Normal,normal.0,2,0,0,0,0,0,0
94,38.0,Normal,Normal1,19,0,0,0,0,0,0
95,38.0,Slow,Slow1,10,0,0,0,0,0,0
96,38.0,Normal,normal.0,2,0,0,0,0,0,0
97,39.0,Normal,Normal1,23,0,0,0,0,0,0
98,39.0,Slow,Slow1,10,0,0,0,0,0,0
99,39.0,Normal,normal.0,2,0,0,0,0,0,0
100,40.0,Normal,Normal1,29,0,0,0,0,0,0
101,40.0,Slow,Slow1,11,0,0,0,0,0,0
102,40.0,Normal,normal.0,2,0,0,0,0,0,0
103,41.0,Normal,Normal1,37,0,0,0,0,0,0
104,41.0,Slow,Slow1,13,0,0,0,0,0,0
105,41.0,Normal,normal.0,3,0,0,0,0,0,0
106,42.0,Normal,Normal1,46,0,0,0,0,0,0
107,42.0,Slow,Slow1,16,0,0,0,0,0,0
108,42.0,Normal,normal.0,5,0,0,0,0,0,0
109,43.0,Dangerous,Dang.0,0,0,0,0,1,0,1
110,43.0,Normal,Normal1,57,0,0,0,0,0,0
111,43.0,Slow,Slow1,20,0,0,0,0,0,0
112,43.0,Normal,normal.0,7,0,0,0,0,0,0
113,44.0,Dangerous,Dang.0,1,0,0,0,1,0,1
114,44.0,Normal,Normal1,68,0,0,0,0,0,0
115,44.0,Slow,Slow1,25,0,0,0,0,0,0
116,44.0,Normal,normal.0,10,0,0,0,0,0,0
117,45.0,Dangerous,Dang.0,4,0,1,0,1,0,2
118,45.0,Normal,Normal1,79,1,0,0,0,0,1
119,45.0,Slow,Slow1,30,0,0,0,0,0,0
120,45.0,Normal,normal.0,13,0,0,0,0,0,0
121,46.0,Dangerous,Dang.0,8,0,2,0,1,0,3
122,46.0,Normal,Normal1,91,2,0,0,0,0,2
123,46.0,Slow,Slow1,35,0,0,0,0,0,0
124,46.0,Normal,normal.0,17,0,0,0,0,0,0
125,46.0,Slow,s.0,0,0,0,0,0,0,0
126,47.0,Dangerous,Dang.0,12,0,2,0,1,0,3
127,47.0,Normal,Normal1,102,2,0,0,0,0,2
128,47.0,Slow,Slow1,42,0,0,0,0,0,0
129,47.0,Normal,normal.0,22,0,0,0,0,0,0
130,47.0,Slow,s.0,0,0,0,0,0,0,0
131,48.0,Dangerous,Dang.0,17,0,3,0,1,0,4
132,48.0,Normal,Normal1,113,2,0,0,0,0,2
133,48.0,Slow,Slow1,49,0,0,0,0,0,0
134,48.0,Normal,normal.0,28,0,0,0,0,0,0
135,48.0,Slow,s.0,1,0,0,0,0,0,0
136,49.0,Dangerous,Dang.0,23,0,3,0,1,0,4
137,49.0,Normal,Normal1,125,2,0,0,0,0,2
138,49.0,Slow,Slow1,55,0,0,0,0,0,0
139,49.0,Normal,normal.0,35,0,0,0,0,0,0
140,49.0,Slow,s.0,3,0,0,0,0,0,0
141,50.0,Dangerous,Dang.0,30,0,3,0,1,0,4
142,50.0,Normal,Normal1,136,3,0,0,0,0,3
143,50.0,Slow,Slow1,61,0,0,0,0,0,0
144,50.0,Normal,normal.0,44,0,0,0,0,0,0
145,50.0,Slow,s.0,5,0,0,0,0,0,0
146,51.0,Dangerous,Dang.0,40,0,3,0,1,0,4
147,51.0,Normal,Normal1,147,3,0,0,0,0,3
148,51.0,Slow,Slow1,68,0,0,0,0,0,0
149,51.0,Normal,normal.0,55,0,0,0,0,0,0
150,51.0,Normal,normal.1,0,0,0,0,0,0,0
151,51.0,Slow,s.0,9,0,0,0,0,0,0
152,52.0,Dangerous,Dang.0,51,0,3,0,1,0,4
153,52.0,Normal,Normal1,159,3,0,0,0,0,3
154,52.0,Slow,Slow1,74,0,0,0,0,0,0
155,52.0,Normal,normal.0,66,0,0,0,0,0,0
156,52.0,Normal,normal.1,0,0,0,0,0,0,0
157,52.0,Slow,s.0,13,0,0,0,0,0,0
158,53.0,Dangerous,Dang.0,61,0,3,0,1,0,4
159,53.0,Normal,Normal1,172,3,0,0,0,0,3
160,53.0,Slow,Slow1,81,0,0,0,0,0,0
161,53.0,Normal,normal.0,78,1,0,0,0,0,1
162,53.0,Normal,normal.1,3,0,0,0,0,0,0
163,53.0,Slow,s.0,18,0,0,0,0,0,0
164,54.0,Dangerous,Dang.0,68,0,3,0,1,0,4
165,54.0,Dangerous,Dang.1,0,0,0,0,1,0,1
166,54.0,Normal,Normal1,186,3,0,0,0,0,3
167,54.0,Slow,Slow1,87,0,0,0,0,0,0
168,54.0,Normal,normal.0,89,2,0,0,0,0,2
169,54.0,Normal,normal.1,6,0,0,0,0,0,0
170,54.0,Slow,s.0,23,0,0,0,0,0,0
171,55.0,Dangerous,Dang.0,78,1,3,0,1,0,5
172,55.0,Dangerous,Dang.1,1,0,0,0,1,0,1
173,55.0,Normal,Normal1,200,3,0,0,0,0,3
174,55.0,Slow,Slow1,93,0,0,0,0,0,0
175,55.0,Normal,normal.0,100,2,0,0,0,0,2
176,55.0,Normal,normal.1,10,0,0,0,0,0,0
177,55.0,Slow,s.0,28,0,0,0,0,0,0
178,56.0,Dangerous,Dang.0,85,1,3,0,1,0,5
179,56.0,Dangerous,Dang.1,5,0,1,0,1,0,2
180,56.0,Normal,Normal1,213,3,0,0,0,0,3
181,56.0,Slow,Slow1,100,0,0,0,0,0,0
182,56.0,Normal,normal.0,112,2,0,0,0,0,2
183,56.0,Normal,normal.1,15,0,0,0,0,0,0
184,56.0,Slow,s.0,33,0,0,0,0,0,0
185,57.0,Dangerous,Dang.0,93,1,4,0,1,0,6
186,57.0,Dangerous,Dang.1,10,0,1,0,1,0,2
187,57.0,Normal,Normal1,227,3,0,0,0,0,3
188,57.0,Slow,Slow1,106,0,0,0,0,0,0
189,57.0,Normal,normal.0,123,2,0,0,0,0,2
190,57.0,Normal,normal.1,20,0,0,0,0,0,0
191,57.0,Slow,s.0,39,0,0,0,0,0,0
192,57.0,Slow,s.1,0,0,0,0,0,0,0
193,58.0,Dangerous,Dang.0,100,1,5,0,1,0,7
194,58.0,Dangerous,Dang.1,15,0,2,0,1,0,3
195,58.0,Normal,Normal1,241,3,0,0,0,0,3
196,58.0,Slow,Slow1,113,0,0,0,0,0,0
197,58.0,Normal,normal.0,135,3,0,0,0,0,3
198,58.0,Normal,normal.1,25,0,0,0,0,0,0
199,58.0,Slow,s.0,46,0,0,0,0,0,0
200,58.0,Slow,s.1,0,0,0,0,0,0,0
201,59.0,Dangerous,Dang.0,107,1,5,0,1,0,7
202,59.0,Dangerous,Dang.1,21,0,2,0,1,0,3
203,59.0,Normal,Normal1,254,3,0,0,0,0,3
204,59.0,Slow,Slow1,119,0,0,0,0,0,0
205,59.0,Normal,normal.0,146,3,0,0,0,0,3
206,59.0,Normal,normal.1,31,0,0,0,0,0,0
207,59.0,Slow,s.0,52,0,0,0,0,0,0
208,59.0,Slow,s.1,2,0,0,0,0,0,0
209,60.0,Dangerous,Dang.0,118,1,5,0,1,0,7
210,60.0,Dangerous,Dang.1,26,0,2,0,1,0,3
211,60.0,Normal,Normal1,267,3,0,0,0,0,3
212,60.0,Slow,Slow1,126,0,0,0,0,0,0
213,60.0,Normal,normal.0,159,3,0,0,0,0,3
214,60.0,Normal,normal.1,38,0,0,0,0,0,0
215,60.0,Slow,s.0,59,0,0,0,0,0,0
216,60.0,Slow,s.1,4,0,0,0,0,0,0
217,61.0,Dangerous,Dang.0,129,2,5,0,1,0,8
218,61.0,Dangerous,Dang.1,33,0,2,0,1,0,3
219,61.0,Normal,Normal1,280,3,0,0,0,0,3
220,61.0,Slow,Slow1,132,0,0,0,0,0,0
221,61.0,Normal,normal.0,172,3,0,0,0,0,3
222,61.0,Normal,normal.1,48,0,0,0,0,0,0
223,61.0,Normal,normal.2,0,0,0,0,0,0,0
224,61.0,Slow,s.0,65,0,0,0,0,0,0
225,61.0,Slow,s.1,7,0,0,0,0,0,0
226,62.0,Dangerous,Dang.0,140,2,5,0,1,0,8
227,62.0,Dangerous,Dang.1,43,0,2,0,1,0,3
228,62.0,Normal,Normal1,293,3,0,0,0,0,3
229,62.0,Slow,Slow1,138,0,0,0,0,0,0
230,62.0,Normal,normal.0,185,3,0,0,0,0,3
231,62.0,Normal,normal.1,57,0,0,0,0,0,0
232,62.0,Normal,normal.2,0,0,0,0,0,0,0
233,62.0,Slow,s.0,72,0,0,0,0,0,0
234,62.0,Slow,s.1,11,0,0,0,0,0,0
235,63.0,Dangerous,Dang.0,154,2,5,0,1,0,8
236,63.0,Dangerous,Dang.1,54,0,2,0,1,0,3
237,63.0,Normal,Normal1,305,3,0,0,0,0,3
238,63.0,Slow,Slow1,145,0,0,0,0,0,0
239,63.0,Normal,normal.0,198,3,0,0,0,0,3
240,63.0,Normal,normal.1,67,0,0,0,0,0,0
241,63.0,Normal,normal.2,1,0,0,0,0,0,0
242,63.0,Slow,s.0,78,0,0,0,0,0,0
243,63.0,Slow,s.1,16,0,0,0,0,0,0
244,64.0,Dangerous,Dang.0,169,3,5,0,1,0,9
245,64.0,Dangerous,Dang.1,63,0,2,0,1,0,3
246,64.0,Normal,Normal1,317,3,0,0,0,0,3
247,64.0,Slow,Slow1,153,0,0,0,0,0,0
248,64.0,Normal,normal.0,212,3,0,0,0,0,3
249,64.0,Normal,normal.1,76,0,0,0,0,0,0
250,64.0,Normal,normal.2,4,0,0,0,0,0,0
251,64.0,Slow,s.0,85,0,0,0,0,0,0
252,64.0,Slow,s.1,21,0,0,0,0,0,0
253,65.0,Dangerous,Dang.0,185,4,5,0,1,0,10
254,65.0,Dangerous,Dang.1,72,0,2,0,1,0,3
255,65.0,Dangerous,Dang.2,0,0,0,0,0,0,0
256,65.0,Normal,Normal1,328,3,0,0,0,0,3
257,65.0,Slow,Slow1,161,0,0,0,0,0,0
258,65.0,Normal,normal.0,226,3,0,0,0,0,3
259,65.0,Normal,normal.1,86,1,0,0,0,0,1
260,65.0,Normal,normal.2,7,0,0,0,0,0,0
261,65.0,Slow,s.0,92,0,0,0,0,0,0
262,65.0,Slow,s.1,26,0,0,0,0,0,0
263,66.0,Dangerous,Dang.0,202,5,5,0,1,0,11
264,66.0,Dangerous,Dang.1,79,0,2,0,1,0,3
265,66.0,Dangerous,Dang.2,3,0,1,0,0,0,1
266,66.0,Normal,Normal1,339,3,0,0,0,0,3
267,66.0,Slow,Slow1,169,0,0,0,0,0,0
268,66.0,Normal,normal.0,240,3,0,0,0,0,3
269,66.0,Normal,normal.1,95,1,0,0,0,0,1
270,66.0,Normal,normal.2,10,0,0,0,0,0,0
271,66.0,Slow,s.0,98,0,0,0,0,0,0
272,66.0,Slow,s.1,32,0,0,0,0,0,0
273,67.0,Dangerous,Dang.0,218,6,5,0,1,0,12
274,67.0,Dangerous,Dang.1,87,0,2,0,1,0,3
275,67.0,Dangerous,Dang.2,5,0,2,0,1,0,3
276,67.0,Normal,Normal1,348,3,0,0,0,0,3
277,67.0,Slow,Slow1,177,0,0,0,0,0,0
278,67.0,Normal,normal.0,253,3,0,0,0,0,3
279,67.0,Normal,normal.1,105,1,0,0,0,0,1
280,67.0,Normal,normal.2,13,0,0,0,0,0,0
281,67.0,Slow,s.0,105,0,0,0,0,0,0
282,67.0,Slow,s.1,38,0,0,0,0,0,0
283,68.0,Dangerous,Dang.0,235,7,6,0,1,0,14
284,68.0,Dangerous,Dang.1,95,0,2,0,1,0,3
285,68.0,Dangerous,Dang.2,7,0,3,0,2,0,5
286,68.0,Normal,Normal1,358,3,0,0,0,0,3
287,68.0,Slow,Slow1,185,0,0,0,0,0,0
288,68.0,Normal,normal.0,266,3,0,0,0,0,3
289,68.0,Normal,normal.1,114,1,0,0,0,0,1
290,68.0,Normal,normal.2,14,0,0,0,0,0,0
291,68.0,Slow,s.0,111,0,0,0,0,0,0
292,68.0,Slow,s.1,45,0,0,0,0,0,0
293,68.0,Slow,s.2,0,0,0,0,0,0,0
294,69.0,Dangerous,Dang.0,250,8,7,0,1,0,16
295,69.0,Dangerous,Dang.1,106,0,2,0,1,0,3
296,69.0,Dangerous,Dang.2,9,0,4,0,3,0,7
297,69.0,Normal,Normal1,367,3,0,0,0,0,3
298,69.0,Slow,Slow1,193,0,0,0,0,0,0
299,69.0,Normal,normal.0,279,3,0,0,0,0,3
300,69.0,Normal,normal.1,124,2,0,0,0,0,2
301,69.0,Normal,normal.2,15,0,0,0,0,0,0
302,69.0,Slow,s.0,118,0,0,0,0,0,0
303,69.0,Slow,s.1,52,0,0,0,0,0,0
304,69.0,Slow,s.2,0,0,0,0,0,0,0
305,70.0,Dangerous,Dang.0,264,9,8,0,1,0,18
306,70.0,Dangerous,Dang.1,113,0,2,0,1,0,3
307,70.0,Dangerous,Dang.2,10,0,5,0,4,0,9
308,70.0,Normal,Normal1,377,3,0,0,0,0,3
309,70.0,Slow,Slow1,201,0,0,0,0,0,0
310,70.0,Normal,normal.0,292,3,0,0,0,0,3
311,70.0,Normal,normal.1,133,2,0,0,0,0,2
312,70.0,Normal,normal.2,16,0,0,0,0,0,0
313,70.0,Slow,s.0,124,0,0,0,0,0,0
314,70.0,Slow,s.1,58,0,0,0,0,0,0
315,70.0,Slow,s.2,0,0,0,0,0,0,0
316,71.0,Dangerous,Dang.0,278,9,9,0,1,0,19
317,71.0,Dangerous,Dang.1,122,1,2,0,1,0,4
318,71.0,Dangerous,Dang.2,10,0,5,0,5,0,10
319,71.0,Normal,Normal1,387,4,0,0,0,0,4
320,71.0,Slow,Slow1,209,0,0,0,0,0,0
321,71.0,Normal,normal.0,304,3,0,0,0,0,3
322,71.0,Normal,normal.1,144,2,0,0,0,0,2
323,71.0,Normal,normal.2,16,0,0,0,0,0,0
324,71.0,Slow,s.0,131,0,0,0,0,0,0
325,71.0,Slow,s.1,64,0,0,0,0,0,0
326,71.0,Slow,s.2,1,0,0,0,0,0,0
327,72.0,Dangerous,Dang.0,291,9,10,0,1,0,20
328,72.0,Dangerous,Dang.1,130,2,2,0,1,0,5
329,72.0,Dangerous,Dang.2,10,0,5,0,6,0,11
330,72.0,Normal,Normal1,396,4,0,0,0,0,4
331,72.0,Slow,Slow1,218,0,0,0,0,0,0
332,72.0,Normal,normal.0,316,3,0,0,0,0,3
333,72.0,Normal,normal.1,156,2,0,0,0,0,2
334,72.0,Normal,normal.2,16,0,0,0,0,0,0
335,72.0,Slow,s.0,137,0,0,0,0,0,0
336,72.0,Slow,s.1,71,0,0,0,0,0,0
337,72.0,Slow,s.2,1,0,0,0,0,0,0
338,73.0,Dangerous,Dang.0,304,9,11,0,1,0,21
339,73.0,Dangerous,Dang.1,138,2,2,0,1,0,5
340,73.0,Dangerous,Dang.2,10,0,5,0,7,0,12
341,73.0,Normal,Normal1,406,4,0,0,0,0,4
342,73.0,Slow,Slow1,226,0,0,0,0,0,0
343,73.0,Normal,normal.0,327,3,0,0,0,0,3
344,73.0,Normal,normal.1,167,2,0,0,0,0,2
345,73.0,Normal,normal.2,16,0,0,0,0,0,0
346,73.0,Slow,s.0,144,0,0,0,0,0,0
347,73.0,Slow,s.1,77,0,0,0,0,0,0
348,73.0,Slow,s.2,2,0,0,0,0,0,0
349,74.0,Dangerous,Dang.0,316,9,12,0,1,0,22
350,74.0,Dangerous,Dang.1,150,2,2,0,1,0,5
351,74.0,Dangerous,Dang.2,10,0,5,0,8,0,13
352,74.0,Normal,Normal1,415,4,0,0,0,0,4
353,74.0,Slow,Slow1,234,0,0,0,0,0,0
354,74.0,Normal,normal.0,338,3,0,0,0,0,3
355,74.0,Normal,normal.1,180,2,0,0,0,0,2
356,74.0,Normal,normal.2,16,0,0,0,0,0,0
357,74.0,Slow,s.0,151,0,0,0,0,0,0
358,74.0,Slow,s.1,84,0,0,0,0,0,0
359,74.0,Slow,s.2,2,0,0,0,0,0,0
360,75.0,Dangerous,Dang.0,327,9,13,0,1,0,23
361,75.0,Dangerous,Dang.1,163,2,2,0,1,0,5
362,75.0,Dangerous,Dang.2,10,0,5,0,9,0,14
363,75.0,Normal,Normal1,425,5,0,0,0,0,5
364,75.0,Slow,Slow1,242,0,0,0,0,0,0
365,75.0,Normal,normal.0,347,3,0,0,0,0,3
366,75.0,Normal,normal.1,193,2,0,0,0,0,2
367,75.0,Normal,normal.2,17,0,0,0,0,0,0
368,75.0,Slow,s.0,158,0,0,0,0,0,0
369,75.0,Slow,s.1,90,0,0,0,0,0,0
370,75.0,Slow,s.2,2,0,0,0,0,0,0
371,76.0,Dangerous,Dang.0,337,9,14,0,1,0,24
372,76.0,Dangerous,Dang.1,177,2,2,0,1,0,5
373,76.0,Dangerous,Dang.2,10,0,5,0,10,0,15
374,76.0,Normal,Normal1,435,5,0,0,0,0,5
375,76.0,Slow,Slow1,250,0,0,0,0,0,0
376,76.0,Normal,normal.0,357,3,0,0,0,0,3
377,76.0,Normal,normal.1,206,2,0,0,0,0,2
378,76.0,Normal,normal.2,17,0,0,0,0,0,0
379,76.0,Slow,s.0,165,0,0,0,0,0,0
380,76.0,Slow,s.1,96,0,0,0,0,0,0
381,76.0,Slow,s.2,2,0,0,0,0,0,0
382,77.0,Dangerous,Dang.0,347,9,15,0,1,0,25
383,77.0,Dangerous,Dang.1,191,2,2,0,1,0,5
384,77.0,Dangerous,Dang.2,10,0,5,0,11,0,16
385,77.0,Normal,Normal1,446,5,0,0,0,0,5
386,77.0,Slow,Slow1,259,0,0,0,0,0,0
387,77.0,Normal,normal.0,367,3,0,0,0,0,3
388,77.0,Normal,normal.1,220,2,0,0,0,0,2
389,77.0,Normal,normal.2,17,0,0,0,0,0,0
390,77.0,Slow,s.0,172,0,0,0,0,0,0
391,77.0,Slow,s.1,103,0,0,0,0,0,0
392,77.0,Slow,s.2,2,0,0,0,0,0,0
393,78.0,Dangerous,Dang.0,357,9,16,0,1,0,26
394,78.0,Dangerous,Dang.1,205,2,2,0,1,0,5
395,78.0,Dangerous,Dang.2,10,0,5,0,12,0,17
396,78.0,Normal,Normal1,458,5,0,0,0,0,5
397,78.0,Slow,Slow1,267,0,0,0,0,0,0
398,78.0,Normal,normal.0,377,3,0,0,0,0,3
399,78.0,Normal,normal.1,233,2,0,0,0,0,2
400,78.0,Normal,normal.2,17,0,0,0,0,0,0
401,78.0,Slow,s.0,179,0,0,0,0,0,0
402,78.0,Slow,s.1,110,0,0,0,0,0,0
403,78.0,Slow,s.2,2,0,0,0,0,0,0
404,79.0,Dangerous,Dang.0,366,9,17,0,1,0,27
405,79.0,Dangerous,Dang.1,219,2,2,0,1,0,5
406,79.0,Dangerous,Dang.2,10,0,5,0,13,0,18
407,79.0,Normal,Normal1,470,5,0,0,0,0,5
408,79.0,Slow,Slow1,275,0,0,0,0,0,0
409,79.0,Normal,normal.0,386,4,0,0,0,0,4
410,79.0,Normal,normal.1,246,2,0,0,0,0,2
411,79.0,Normal,normal.2,17,0,0,0,0,0,0
412,79.0,Slow,s.0,186,0,0,0,0,0,0
413,79.0,Slow,s.1,116,0,0,0,0,0,0
414,79.0,Slow,s.2,3,0,0,0,0,0,0
415,80.0,Dangerous,Dang.0,376,10,17,0,1,0,28
416,80.0,Dangerous,Dang.1,233,2,2,0,1,0,5
417,80.0,Dangerous,Dang.2,10,0,5,0,14,0,19
418,80.0,Normal,Normal1,483,5,0,0,0,0,5
419,80.0,Slow,Slow1,283,0,0,0,0,0,0
420,80.0,Normal,normal.0,396,4,0,0,0,0,4
421,80.0,Normal,normal.1,259,2,0,0,0,0,2
422,80.0,Normal,normal.2,17,0,0,0,0,0,0
423,80.0,Slow,s.0,193,0,0,0,0,0,0
424,80.0,Slow,s.1,122,0,0,0,0,0,0
425,80.0,Slow,s.2,3,0,0,0,0,0,0
426,81.0,Dangerous,Dang.0,384,11,17,0,1,0,29
427,81.0,Dangerous,Dang.1,246,2,3,0,1,0,6
428,81.0,Dangerous,Dang.2,10,0,5,0,15,0,20
429,81.0,Normal,Normal1,495,5,0,0,0,0,5
430,81.0,Slow,Slow1,290,0,0,0,0,0,0
431,81.0,Normal,normal.0,406,4,0,0,0,0,4
432,81.0,Normal,normal.1,272,2,0,0,0,0,2
433,81.0,Normal,normal.2,17,0,0,0,0,0,0
434,81.0,Slow,s.0,201,0,0,0,0,0,0
435,81.0,Slow,s.1,129,0,0,0,0,0,0
436,81.0,Slow,s.2,3,0,0,0,0,0,0
437,82.0,Dangerous,Dang.0,393,11,18,0,1,0,30
438,82.0,Dangerous,Dang.1,260,2,4,0,1,0,7
439,82.0,Dangerous,Dang.2,10,0,5,0,16,0,21
440,82.0,Normal,Normal1,508,5,0,0,0,0,5
441,82.0,Slow,Slow1,298,0,0,0,0,0,0
442,82.0,Normal,normal.0,416,4,0,0,0,0,4
443,82.0,Normal,normal.1,285,2,0,0,0,0,2
444,82.0,Normal,normal.2,17,0,0,0,0,0,0
445,82.0,Slow,s.0,208,0,0,0,0,0,0
446,82.0,Slow,s.1,135,0,0,0,0,0,0
447,82.0,Slow,s.2,3,0,0,0,0,0,0
448,83.0,Dangerous,Dang.0,404,11,18,0,1,0,30
449,83.0,Dangerous,Dang.1,273,2,5,0,1,0,8
450,83.0,Dangerous,Dang.2,10,0,5,0,17,0,22
451,83.0,Normal,Normal1,520,5,0,0,0,0,5
452,83.0,Slow,Slow1,306,0,0,0,0,0,0
453,83.0,Normal,normal.0,426,5,0,0,0,0,5
454,83.0,Normal,normal.1,297,2,0,0,0,0,2
455,83.0,Normal,normal.2,17,0,0,0,0,0,0
456,83.0,Slow,s.0,215,0,0,0,0,0,0
457,83.0,Slow,s.1,142,0,0,0,0,0,0
458,83.0,Slow,s.2,3,0,0,0,0,0,0
459,84.0,Dangerous,Dang.0,412,11,18,0,1,0,30
460,84.0,Dangerous,Dang.1,287,2,6,0,1,0,9
461,84.0,Dangerous,Dang.2,10,0,5,0,18,0,23
462,84.0,Normal,Normal1,532,5,0,0,0,0,5
463,84.0,Slow,Slow1,313,0,0,0,0,0,0
464,84.0,Normal,normal.0,435,5,0,0,0,0,5
465,84.0,Normal,normal.1,309,2,0,0,0,0,2
466,84.0,Normal,normal.2,17,0,0,0,0,0,0
467,84.0,Slow,s.0,222,0,0,0,0,0,0
468,84.0,Slow,s.1,149,0,0,0,0,0,0
469,84.0,Slow,s.2,3,0,0,0,0,0,0
470,85.0,Dangerous,Dang.0,421,12,18,0,1,0,31
471,85.0,Dangerous,Dang.1,299,2,7,0,1,0,10
472,85.0,Dangerous,Dang.2,10,0,5,0,19,0,24
473,85.0,Normal,Normal1,544,5,0,0,0,0,5
474,85.0,Slow,Slow1,321,0,0,0,0,0,0
475,85.0,Normal,normal.0,446,5,0,0,0,0,5
476,85.0,Normal,normal.1,320,2,0,0,0,0,2
477,85.0,Normal,normal.2,17,0,0,0,0,0,0
478,85.0,Slow,s.0,229,0,0,0,0,0,0
479,85.0,Slow,s.1,157,0,0,0,0,0,0
480,85.0,Slow,s.2,3,0,0,0,0,0,0
481,86.0,Dangerous,Dang.0,431,12,18,0,1,0,31
482,86.0,Dangerous,Dang.1,312,2,8,0,1,0,11
483,86.0,Dangerous,Dang.2,10,0,5,0,20,0,25
484,86.0,Normal,Normal1,555,5,0,0,0,0,5
485,86.0,Slow,Slow1,328,0,0,0,0,0,0
486,86.0,Normal,normal.0,458,5,0,0,0,0,5
487,86.0,Normal,normal.1,330,2,0,0,0,0,2
488,86.0,Normal,normal.2,17,0,0,0,0,0,0
489,86.0,Slow,s.0,237,0,0,0,0,0,0
490,86.0,Slow,s.1,165,0,0,0,0,0,0
491,86.0,Slow,s.2,3,0,0,0,0,0,0
492,87.0,Dangerous,Dang.0,443,12,19,0,1,0,32
493,87.0,Dangerous,Dang.1,323,2,9,0,1,0,12
494,87.0,Dangerous,Dang.2,10,0,5,0,21,0,26
495,87.0,Normal,Normal1,564,5,0,0,0,0,5
496,87.0,Slow,Slow1,334,0,0,0,0,0,0
497,87.0,Normal,normal.0,471,5,0,0,0,0,5
498,87.0,Normal,normal.1,339,2,0,0,0,0,2
499,87.0,Normal,normal.2,17,0,0,0,0,0,0
500,87.0,Slow,s.0,244,0,0,0,0,0,0
501,87.0,Slow,s.1,173,0,0,0,0,0,0
502,87.0,Slow,s.2,3,0,0,0,0,0,0
503,88.0,Dangerous,Dang.0,456,12,20,0,1,0,33
504,88.0,Dangerous,Dang.1,333,2,10,0,1,0,13
505,88.0,Dangerous,Dang.2,10,0,5,0,22,0,27
506,88.0,Normal,Normal1,572,5,0,0,0,0,5
507,88.0,Slow,Slow1,338,0,0,0,0,0,0
508,88.0,Normal,normal.0,484,5,0,0,0,0,5
509,88.0,Normal,normal.1,349,2,0,0,0,0,2
510,88.0,Normal,normal.2,17,0,0,0,0,0,0
511,88.0,Slow,s.0,251,0,0,0,0,0,0
512,88.0,Slow,s.1,181,0,0,0,0,0,0
513,88.0,Slow,s.2,3,0,0,0,0,0,0
514,89.0,Dangerous,Dang.0,470,12,21,0,1,0,34
515,89.0,Dangerous,Dang.1,343,2,11,0,1,0,14
516,89.0,Dangerous,Dang.2,10,0,5,0,23,0,28
517,89.0,Normal,Normal1,579,5,0,0,0,0,5
518,89.0,Slow,Slow1,342,0,0,0,0,0,0
519,89.0,Normal,normal.0,496,5,0,0,0,0,5
520,89.0,Normal,normal.1,358,2,0,0,0,0,2
521,89.0,Normal,normal.2,17,0,0,0,0,0,0
522,89.0,Slow,s.0,258,0,0,0,0,0,0
523,89.0,Slow,s.1,189,0,0,0,0,0,0
524,89.0,Slow,s.2,3,0,0,0,0,0,0
525,90.0,Dangerous,Dang.0,484,12,22,0,1,0,35
526,90.0,Dangerous,Dang.1,352,2,12,0,1,0,15
527,90.0,Dangerous,Dang.2,10,0,5,0,24,0,29
528,90.0,Normal,Normal1,584,5,0,0,0,0,5
529,90.0,Slow,Slow1,344,0,0,0,0,0,0
530,90.0,Normal,normal.0,509,5,0,0,0,0,5
531,90.0,Normal,normal.1,368,3,0,0,0,0,3
532,90.0,Normal,normal.2,17,0,0,0,0,0,0
533,90.0,Slow,s.0,265,0,0,0,0,0,0
534,90.0,Slow,s.1,197,0,0,0,0,0,0
535,90.0,Slow,s.2,3,0,0,0,0,0,0
536,91.0,Dangerous,Dang.0,497,12,23,0,1,0,36
537,91.0,Dangerous,Dang.1,358,2,12,0,1,0,15
538,91.0,Dangerous,Dang.2,10,0,5,0,25,0,30
539,91.0,Normal,Normal1,589,5,0,0,0,0,5
540,91.0,Slow,Slow1,347,0,0,0,0,0,0
541,91.0,Normal,normal.0,521,5,0,0,0,0,5
542,91.0,Normal,normal.1,377,4,0,0,0,0,4
543,91.0,Normal,normal.2,17,0,0,0,0,0,0
544,91.0,Slow,s.0,272,0,0,0,0,0,0
545,91.0,Slow,s.1,205,0,0,0,0,0,0
546,91.0,Slow,s.2,3,0,0,0,0,0,0
547,92.0,Dangerous,Dang.0,510,12,24,0,1,0,37
548,92.0,Dangerous,Dang.1,367,3,12,0,1,0,16
549,92.0,Dangerous,Dang.2,10,0,5,0,26,0,31
550,92.0,Normal,Normal1,593,5,0,0,0,0,5
551,92.0,Slow,Slow1,351,0,0,0,0,0,0
552,92.0,Normal,normal.0,533,5,0,0,0,0,5
553,92.0,Normal,normal.1,387,4,0,0,0,0,4
554,92.0,Normal,normal.2,17,0,0,0,0,0,0
555,92.0,Slow,s.0,280,0,0,0,0,0,0
556,92.0,Slow,s.1,213,0,0,0,0,0,0
557,92.0,Slow,s.2,3,0,0,0,0,0,0
558,93.0,Dangerous,Dang.0,523,12,24,0,1,0,37
559,93.0,Dangerous,Dang.1,375,4,12,0,1,0,17
560,93.0,Dangerous,Dang.2,10,0,5,0,27,0,32
561,93.0,Normal,Normal1,596,5,0,0,0,0,5
562,93.0,Slow,Slow1,356,0,0,0,0,0,0
563,93.0,Normal,normal.0,545,5,0,0,0,0,5
564,93.0,Normal,normal.1,396,4,0,0,0,0,4
565,93.0,Normal,normal.2,17,0,0,0,0,0,0
566,93.0,Slow,s.0,287,0,0,0,0,0,0
567,93.0,Slow,s.1,222,0,0,0,0,0,0
568,93.0,Slow,s.2,3,0,0,0,0,0,0
569,94.0,Dangerous,Dang.0,535,12,25,0,1,0,38
570,94.0,Dangerous,Dang.1,383,4,12,0,1,0,17
571,94.0,Dangerous,Dang.2,10,0,5,0,28,0,33
572,94.0,Normal,Normal1,598,5,0,0,0,0,5
573,94.0,Slow,Slow1,362,0,0,0,0,0,0
574,94.0,Normal,normal.0,555,5,0,0,0,0,5
575,94.0,Normal,normal.1,406,4,0,0,0,0,4
576,94.0,Normal,normal.2,17,0,0,0,0,0,0
577,94.0,Slow,s.0,294,0,0,0,0,0,0
578,94.0,Slow,s.1,230,0,0,0,0,0,0
579,94.0,Slow,s.2,3,0,0,0,0,0,0
580,95.0,Dangerous,Dang.0,546,12,26,0,1,0,39
581,95.0,Dangerous,Dang.1,394,4,12,0,1,0,17
582,95.0,Dangerous,Dang.2,10,0,5,0,29,0,34
583,95.0,Normal,Normal1,602,5,0,0,0,0,5
584,95.0,Slow,Slow1,368,0,0,0,0,0,0
585,95.0,Normal,normal.0,565,5,0,0,0,0,5
586,95.0,Normal,normal.1,415,5,0,0,0,0,5
587,95.0,Normal,normal.2,17,0,0,0,0,0,0
588,95.0,Slow,s.0,301,0,0,0,0,0,0
589,95.0,Slow,s.1,238,0,0,0,0,0,0
590,95.0,Slow,s.2,3,0,0,0,0,0,0
591,96.0,Dangerous,Dang.0,555,12,27,0,1,0,40
592,96.0,Dangerous,Dang.1,402,4,12,0,1,0,17
593,96.0,Dangerous,Dang.2,10,0,5,0,30,0,35
594,96.0,Normal,Normal1,607,5,0,0,0,0,5
595,96.0,Slow,Slow1,375,0,0,0,0,0,0
596,96.0,Normal,normal.0,573,5,0,0,0,0,5
597,96.0,Normal,normal.1,425,5,0,0,0,0,5
598,96.0,Normal,normal.2,17,0,0,0,0,0,0
599,96.0,Slow,s.0,308,0,0,0,0,0,0
600,96.0,Slow,s.1,246,0,0,0,0,0,0
601,96.0,Slow,s.2,3,0,0,0,0,0,0
602,97.0,Dangerous,Dang.0,564,12,28,0,1,0,41
603,97.0,Dangerous,Dang.1,410,4,12,0,1,0,17
604,97.0,Dangerous,Dang.2,10,0,5,0,31,0,36
605,97.0,Normal,Normal1,614,5,0,0,0,0,5
606,97.0,Slow,Slow1,382,0,0,0,0,0,0
607,97.0,Normal,normal.0,581,5,0,0,0,0,5
608,97.0,Normal,normal.1,436,5,0,0,0,0,5
609,97.0,Normal,normal.2,17,0,0,0,0,0,0
610,97.0,Slow,s.0,314,0,0,0,0,0,0
611,97.0,Slow,s.1,254,0,0,0,0,0,0
612,97.0,Slow,s.2,3,0,0,0,0,0,0
613,98.0,Dangerous,Dang.0,572,12,29,0,1,0,42
614,98.0,Dangerous,Dang.1,419,5,12,0,1,0,18
615,98.0,Dangerous,Dang.2,10,0,5,0,32,0,37
616,98.0,Normal,Normal1,620,5,0,0,0,0,5
617,98.0,Slow,Slow1,390,0,0,0,0,0,0
618,98.0,Normal,normal.0,587,5,0,0,0,0,5
619,98.0,Normal,normal.1,448,5,0,0,0,0,5
620,98.0,Normal,normal.2,17,0,0,0,0,0,0
621,98.0,Slow,s.0,321,0,0,0,0,0,0
622,98.0,Slow,s.1,262,0,0,0,0,0,0
623,98.0,Slow,s.2,3,0,0,0,0,0,0
624,99.0,Dangerous,Dang.0,577,12,30,0,1,0,43
625,99.0,Dangerous,Dang.1,427,5,12,0,1,0,18
626,99.0,Dangerous,Dang.2,10,0,5,0,33,0,38
627,99.0,Normal,Normal1,626,5,0,0,0,0,5
628,99.0,Slow,Slow1,396,0,0,0,0,0,0
629,99.0,Normal,normal.0,591,5,0,0,0,0,5
630,99.0,Normal,normal.1,460,5,0,0,0,0,5
631,99.0,Normal,normal.2,17,0,0,0,0,0,0
632,99.0,Slow,s.0,328,0,0,0,0,0,0
633,99.0,Slow,s.1,270,0,0,0,0,0,0
634,99.0,Slow,s.2,3,0,0,0,0,0,0
635,100.0,Dangerous,Dang.0,582,12,31,0,1,0,44
636,100.0,Dangerous,Dang.1,439,5,12,0,1,0,18
637,100.0,Dangerous,Dang.2,10,0,5,0,34,0,39
638,100.0,Normal,Normal1,630,5,0,0,0,0,5
639,100.0,Slow,Slow1,402,0,0,0,0,0,0
640,100.0,Normal,normal.0,595,5,0,0,0,0,5
641,100.0,Normal,normal.1,473,5,0,0,0,0,5
642,100.0,Normal,normal.2,17,0,0,0,0,0,0
643,100.0,Slow,s.0,334,0,0,0,0,0,0
644,100.0,Slow,s.1,278,0,0,0,0,0,0
645,100.0,Slow,s.2,3,0,0,0,0,0,0
646,101.0,Dangerous,Dang.0,584,12,32,0,1,0,45
647,101.0,Dangerous,Dang.1,452,5,12,0,1,0,18
648,101.0,Dangerous,Dang.2,10,0,5,0,35,0,40
649,101.0,Normal,Normal1,633,5,0,0,0,0,5
650,101.0,Slow,Slow1,409,0,0,0,0,0,0
651,101.0,Normal,normal.0,597,5,0,0,0,0,5
652,101.0,Normal,normal.1,486,5,0,0,0,0,5
653,101.0,Normal,normal.2,17,0,0,0,0,0,0
654,101.0,Slow,s.0,341,0,0,0,0,0,0
655,101.0,Slow,s.1,286,0,0,0,0,0,0
656,101.0,Slow,s.2,3,0,0,0,0,0,0
657,102.0,Dangerous,Dang.0,587,12,32,0,1,0,45
658,102.0,Dangerous,Dang.1,466,5,12,0,1,0,18
659,102.0,Dangerous,Dang.2,10,0,5,0,36,0,41
660,102.0,Normal,Normal1,635,5,0,0,0,0,5
661,102.0,Slow,Slow1,415,0,0,0,0,0,0
662,102.0,Normal,normal.0,599,5,0,0,0,0,5
663,102.0,Normal,normal.1,498,5,0,0,0,0,5
664,102.0,Normal,normal.2,17,0,0,0,0,0,0
665,102.0,Slow,s.0,347,0,0,0,0,0,0
666,102.0,Slow,s.1,294,0,0,0,0,0,0
667,102.0,Slow,s.2,3,0,0,0,0,0,0
668,103.0,Dangerous,Dang.0,588,12,32,0,1,0,45
669,103.0,Dangerous,Dang.1,480,5,12,0,1,0,18
670,103.0,Dangerous,Dang.2,10,0,5,0,37,0,42
671,103.0,Normal,Normal1,636,5,0,0,0,0,5
672,103.0,Slow,Slow1,422,0,0,0,0,0,0
673,103.0,Normal,normal.0,602,5,0,0,0,0,5
674,103.0,Normal,normal.1,511,5,0,0,0,0,5
675,103.0,Normal,normal.2,17,0,0,0,0,0,0
676,103.0,Slow,s.0,352,0,0,0,0,0,0
677,103.0,Slow,s.1,301,0,0,0,0,0,0
678,103.0,Slow,s.2,3,0,0,0,0,0,0
679,104.0,Dangerous,Dang.0,592,12,32,0,1,0,45
680,104.0,Dangerous,Dang.1,494,5,12,0,1,0,18
681,104.0,Dangerous,Dang.2,10,0,5,0,38,0,43
682,104.0,Normal,Normal1,640,5,0,0,0,0,5
683,104.0,Slow,Slow1,428,0,0,0,0,0,0
684,104.0,Normal,normal.0,607,5,0,0,0,0,5
685,104.0,Normal,normal.1,523,5,0,0,0,0,5
686,104.0,Normal,normal.2,17,0,0,0,0,0,0
687,104.0,Slow,s.0,357,0,0,0,0,0,0
688,104.0,Slow,s.1,309,0,0,0,0,0,0
689,104.0,Slow,s.2,3,0,0,0,0,0,0
690,105.0,Dangerous,Dang.0,592,12,32,0,1,1,46
691,105.0,Dangerous,Dang.1,508,5,12,0,1,0,18
692,105.0,Dangerous,Dang.2,10,0,5,0,39,0,44
693,105.0,Normal,Normal1,645,5,0,0,0,0,5
694,105.0,Slow,Slow1,434,0,0,0,0,0,0
695,105.0,Normal,normal.0,613,5,0,0,0,0,5
696,105.0,Normal,normal.1,534,5,0,0,0,0,5
697,105.0,Normal,normal.2,17,0,0,0,0,0,0
698,105.0,Slow,s.0,363,0,0,0,0,0,0
699,105.0,Slow,s.1,316,0,0,0,0,0,0
700,105.0,Slow,s.2,3,0,0,0,0,0,0
701,106.0,Dangerous,Dang.0,596,12,32,0,1,1,46
702,106.0,Dangerous,Dang.1,521,5,13,0,1,0,19
703,106.0,Dangerous,Dang.2,10,0,5,0,40,0,45
704,106.0,Normal,Normal1,652,5,0,0,0,0,5
705,106.0,Slow,Slow1,441,0,0,0,0,0,0
706,106.0,Normal,normal.0,620,5,0,0,0,0,5
707,106.0,Normal,normal.1,544,5,0,0,0,0,5
708,106.0,Normal,normal.2,17,0,0,0,0,0,0
709,106.0,Slow,s.0,369,0,0,0,0,0,0
710,106.0,Slow,s.1,324,0,0,0,0,0,0
711,106.0,Slow,s.2,3,0,0,0,0,0,0
712,107.0,Dangerous,Dang.0,603,12,32,0,1,1,46
713,107.0,Dangerous,Dang.1,533,5,14,0,1,0,20
714,107.0,Dangerous,Dang.2,10,0,5,0,41,0,46
715,107.0,Normal,Normal1,661,5,0,0,0,0,5
716,107.0,Slow,Slow1,449,0,0,0,0,0,0
717,107.0,Normal,normal.0,625,5,0,0,0,0,5
718,107.0,Normal,normal.1,554,5,0,0,0,0,5
719,107.0,Normal,normal.2,17,0,0,0,0,0,0
720,107.0,Slow,s.0,376,0,0,0,0,0,0
721,107.0,Slow,s.1,331,0,0,0,0,0,0
722,107.0,Slow,s.2,3,0,0,0,0,0,0
723,108.0,Dangerous,Dang.0,612,12,32,0,1,1,46
724,108.0,Dangerous,Dang.1,545,5,15,0,1,0,21
725,108.0,Dangerous,Dang.2,10,0,5,0,42,0,47
726,108.0,Normal,Normal1,671,5,0,0,0,0,5
727,108.0,Slow,Slow1,457,0,0,0,0,0,0
728,108.0,Normal,normal.0,630,5,0,0,0,0,5
729,108.0,Normal,normal.1,563,5,0,0,0,0,5
730,108.0,Normal,normal.2,17,0,0,0,0,0,0
731,108.0,Slow,s.0,381,0,0,0,0,0,0
732,108.0,Slow,s.1,337,0,0,0,0,0,0
733,108.0,Slow,s.2,3,0,0,0,0,0,0
734,109.0,Dangerous,Dang.0,621,12,32,0,1,1,46
735,109.0,Dangerous,Dang.1,555,5,16,0,1,0,22
736,109.0,Dangerous,Dang.2,10,0,5,0,43,0,48
737,109.0,Normal,Normal1,683,5,0,0,0,0,5
738,109.0,Slow,Slow1,465,0,0,0,0,0,0
739,109.0,Normal,normal.0,633,5,0,0,0,0,5
740,109.0,Normal,normal.1,571,5,0,0,0,0,5
741,109.0,Normal,normal.2,17,0,0,0,0,0,0
742,109.0,Slow,s.0,387,0,0,0,0,0,0
743,109.0,Slow,s.1,343,0,0,0,0,0,0
744,109.0,Slow,s.2,3,0,0,0,0,0,0
745,110.0,Dangerous,Dang.0,626,12,32,0,1,1,46
746,110.0,Dangerous,Dang.1,564,5,17,0,1,0,23
747,110.0,Dangerous,Dang.2,10,0,5,0,44,0,49
748,110.0,Normal,Normal1,695,5,0,0,0,0,5
749,110.0,Slow,Slow1,473,0,0,0,0,0,0
750,110.0,Normal,normal.0,635,5,0,0,0,0,5
751,110.0,Normal,normal.1,577,5,0,0,0,0,5
752,110.0,Normal,normal.2,17,0,0,0,0,0,0
753,110.0,Slow,s.0,392,0,0,0,0,0,0
754,110.0,Slow,s.1,349,0,0,0,0,0,0
755,110.0,Slow,s.2,3,0,0,0,0,0,0
756,111.0,Dangerous,Dang.0,630,12,32,0,1,1,46
757,111.0,Dangerous,Dang.1,571,5,18,1,1,0,25
758,111.0,Dangerous,Dang.2,10,0,5,0,45,0,50
759,111.0,Normal,Normal1,707,5,0,0,0,0,5
760,111.0,Slow,Slow1,481,0,0,0,0,0,0
761,111.0,Normal,normal.0,636,5,0,0,0,0,5
762,111.0,Normal,normal.1,581,5,0,0,0,0,5
763,111.0,Normal,normal.2,17,0,0,0,0,0,0
764,111.0,Slow,s.0,399,0,0,0,0,0,0
765,111.0,Slow,s.1,355,0,0,0,0,0,0
766,111.0,Slow,s.2,3,0,0,0,0,0,0
767,112.0,Dangerous,Dang.0,630,12,32,0,1,2,47
768,112.0,Dangerous,Dang.1,576,5,19,1,1,0,26
769,112.0,Dangerous,Dang.2,10,0,5,0,46,0,51
770,112.0,Normal,Normal1,720,5,0,0,0,0,5
771,112.0,Slow,Slow1,489,0,0,0,0,0,0
772,112.0,Normal,normal.0,640,5,0,0,0,0,5
773,112.0,Normal,normal.1,584,5,0,0,0,0,5
774,112.0,Normal,normal.2,17,0,0,0,0,0,0
775,112.0,Slow,s.0,404,0,0,0,0,0,0
776,112.0,Slow,s.1,362,0,0,0,0,0,0
777,112.0,Slow,s.2,3,0,0,0,0,0,0
778,113.0,Dangerous,Dang.0,633,12,32,0,1,2,47
779,113.0,Dangerous,Dang.1,579,5,20,2,2,0,29
780,113.0,Dangerous,Dang.2,10,0,5,0,47,0,52
781,113.0,Normal,Normal1,733,5,0,0,0,0,5
782,113.0,Slow,Slow1,497,0,0,0,0,0,0
783,113.0,Normal,normal.0,645,5,0,0,0,0,5
784,113.0,Normal,normal.1,587,5,0,0,0,0,5
785,113.0,Normal,normal.2,17,0,0,0,0,0,0
786,113.0,Slow,s.0,410,0,0,0,0,0,0
787,113.0,Slow,s.1,368,0,0,0,0,0,0
788,113.0,Slow,s.2,3,0,0,0,0,0,0
789,114.0,Dangerous,Dang.0,640,12,32,0,1,2,47
790,114.0,Dangerous,Dang.1,581,5,20,2,2,0,29
791,114.0,Dangerous,Dang.2,10,0,5,0,48,0,53
792,114.0,Normal,Normal1,745,5,0,0,0,0,5
793,114.0,Slow,Slow1,505,0,0,0,0,0,0
794,114.0,Normal,normal.0,652,5,0,0,0,0,5
795,114.0,Normal,normal.1,588,5,0,0,0,0,5
796,114.0,Normal,normal.2,17,0,0,0,0,0,0
797,114.0,Slow,s.0,415,0,0,0,0,0,0
798,114.0,Slow,s.1,374,0,0,0,0,0,0
799,114.0,Slow,s.2,3,0,0,0,0,0,0
800,115.0,Dangerous,Dang.0,651,13,32,0,1,2,48
801,115.0,Dangerous,Dang.1,582,5,20,2,2,0,29
802,115.0,Dangerous,Dang.2,10,0,5,0,49,0,54
803,115.0,Normal,Normal1,757,5,0,0,0,0,5
804,115.0,Slow,Slow1,513,0,0,0,0,0,0
805,115.0,Normal,normal.0,661,5,0,0,0,0,5
806,115.0,Normal,normal.1,592,5,0,0,0,0,5
807,115.0,Normal,normal.2,17,0,0,0,0,0,0
808,115.0,Slow,s.0,421,0,0,0,0,0,0
809,115.0,Slow,s.1,379,0,0,0,0,0,0
810,115.0,Slow,s.2,3,0,0,0,0,0,0
811,116.0,Dangerous,Dang.0,662,13,32,0,1,2,48
812,116.0,Dangerous,Dang.1,587,5,20,2,2,0,29
813,116.0,Dangerous,Dang.2,10,0,5,0,50,0,55
814,116.0,Normal,Normal1,769,5,0,0,0,0,5
815,116.0,Slow,Slow1,521,0,0,0,0,0,0
816,116.0,Normal,normal.0,672,5,0,0,0,0,5
817,116.0,Normal,normal.1,597,5,0,0,0,0,5
818,116.0,Normal,normal.2,17,0,0,0,0,0,0
819,116.0,Slow,s.0,426,0,0,0,0,0,0
820,116.0,Slow,s.1,385,0,0,0,0,0,0
821,116.0,Slow,s.2,3,0,0,0,0,0,0
822,117.0,Dangerous,Dang.0,676,13,32,0,1,2,48
823,117.0,Dangerous,Dang.1,588,5,20,2,2,1,30
824,117.0,Dangerous,Dang.2,10,0,5,0,51,0,56
825,117.0,Normal,Normal1,779,5,0,0,0,0,5
826,117.0,Slow,Slow1,528,0,0,0,0,0,0
827,117.0,Normal,normal.0,683,5,0,0,0,0,5
828,117.0,Normal,normal.1,603,5,0,0,0,0,5
829,117.0,Normal,normal.2,17,0,0,0,0,0,0
830,117.0,Slow,s.0,432,0,0,0,0,0,0
831,117.0,Slow,s.1,391,0,0,0,0,0,0
832,117.0,Slow,s.2,3,0,0,0,0,0,0
833,118.0,Dangerous,Dang.0,692,14,32,0,1,2,49
834,118.0,Dangerous,Dang.1,593,5,20,2,2,1,30
835,118.0,Dangerous,Dang.2,10,0,5,0,52,0,57
836,118.0,Normal,Normal1,791,5,0,0,0,0,5
837,118.0,Slow,Slow1,536,0,0,0,0,0,0
838,118.0,Normal,normal.0,696,5,0,0,0,0,5
839,118.0,Normal,normal.1,610,5,0,0,0,0,5
840,118.0,Normal,normal.2,17,0,0,0,0,0,0
841,118.0,Slow,s.0,438,0,0,0,0,0,0
842,118.0,Slow,s.1,397,0,0,0,0,0,0
843,118.0,Slow,s.2,3,0,0,0,0,0,0
844,119.0,Dangerous,Dang.0,708,15,32,0,1,2,50
845,119.0,Dangerous,Dang.1,600,5,20,2,2,1,30
846,119.0,Dangerous,Dang.2,10,0,5,0,53,0,58
847,119.0,Normal,Normal1,802,5,0,0,0,0,5
848,119.0,Slow,Slow1,543,0,0,0,0,0,0
849,119.0,Normal,normal.0,708,5,0,0,0,0,5
850,119.0,Normal,normal.1,615,5,0,0,0,0,5
851,119.0,Normal,normal.2,17,0,0,0,0,0,0
852,119.0,Slow,s.0,444,0,0,0,0,0,0
853,119.0,Slow,s.1,403,0,0,0,0,0,0
854,119.0,Slow,s.2,3,0,0,0,0,0,0
855,120.0,Dangerous,Dang.0,724,16,32,0,1,2,51
856,120.0,Dangerous,Dang.1,608,5,20,2,2,1,30
857,120.0,Dangerous,Dang.2,10,0,5,0,54,0,59
858,120.0,Normal,Normal1,813,5,0,0,0,0,5
859,120.0,Slow,Slow1,550,0,0,0,0,0,0
860,120.0,Normal,normal.0,721,5,0,0,0,0,5
861,120.0,Normal,normal.1,619,5,0,0,0,0,5
862,120.0,Normal,normal.2,17,0,0,0,0,0,0
863,120.0,Slow,s.0,450,0,0,0,0,0,0
864,120.0,Slow,s.1,409,0,0,0,0,0,0
865,120.0,Slow,s.2,3,0,0,0,0,0,0
866,121.0,Dangerous,Dang.0,740,17,32,0,1,2,52
867,121.0,Dangerous,Dang.1,616,5,20,2,2,1,30
868,121.0,Dangerous,Dang.2,10,0,5,0,55,0,60
869,121.0,Normal,Normal1,824,6,0,0,0,0,6
870,121.0,Slow,Slow1,557,0,0,0,0,0,0
871,121.0,Normal,normal.0,734,5,0,0,0,0,5
872,121.0,Normal,normal.1,622,5,0,0,0,0,5
873,121.0,Normal,normal.2,17,0,0,0,0,0,0
874,121.0,Slow,s.0,457,0,0,0,0,0,0
875,121.0,Slow,s.1,415,0,0,0,0,0,0
876,121.0,Slow,s.2,3,0,0,0,0,0,0
877,122.0,Dangerous,Dang.0,755,18,32,0,1,2,53
878,122.0,Dangerous,Dang.1,622,5,20,2,2,1,30
879,122.0,Dangerous,Dang.2,10,0,5,0,56,0,61
880,122.0,Normal,Normal1,836,7,0,0,0,0,7
881,122.0,Slow,Slow1,564,0,0,0,0,0,0
882,122.0,Normal,normal.0,746,5,0,0,0,0,5
883,122.0,Normal,normal.1,625,5,0,0,0,0,5
884,122.0,Normal,normal.2,17,0,0,0,0,0,0
885,122.0,Slow,s.0,464,0,0,0,0,0,0
886,122.0,Slow,s.1,421,0,0,0,0,0,0
887,122.0,Slow,s.2,3,0,0,0,0,0,0
888,123.0,Dangerous,Dang.0,770,19,32,0,1,2,54
889,123.0,Dangerous,Dang.1,625,5,20,2,2,1,30
890,123.0,Dangerous,Dang.2,10,0,5,0,57,0,62
891,123.0,Normal,Normal1,847,7,0,0,0,0,7
892,123.0,Slow,Slow1,569,0,0,0,0,0,0
893,123.0,Normal,normal.0,759,5,0,0,0,0,5
894,123.0,Normal,normal.1,626,5,0,0,0,0,5
895,123.0,Normal,normal.2,17,0,0,0,0,0,0
896,123.0,Slow,s.0,471,0,0,0,0,0,0
897,123.0,Slow,s.1,426,0,0,0,0,0,0
898,123.0,Slow,s.2,3,0,0,0,0,0,0
899,124.0,Dangerous,Dang.0,783,19,32,0,1,2,54
900,124.0,Dangerous,Dang.1,625,5,20,2,2,1,30
901,124.0,Dangerous,Dang.2,10,0,5,0,58,0,63
902,124.0,Normal,Normal1,858,7,0,0,0,0,7
903,124.0,Slow,Slow1,574,0,0,0,0,0,0
904,124.0,Normal,normal.0,770,5,0,0,0,0,5
905,124.0,Normal,normal.1,629,5,0,0,0,0,5
906,124.0,Normal,normal.2,17,0,0,0,0,0,0
907,124.0,Slow,s.0,478,0,0,0,0,0,0
908,124.0,Slow,s.1,433,0,0,0,0,0,0
909,124.0,Slow,s.2,3,0,0,0,0,0,0
910,125.0,Dangerous,Dang.0,794,19,32,0,1,2,54
911,125.0,Dangerous,Dang.1,628,5,20,2,2,1,30
912,125.0,Dangerous,Dang.2,10,0,5,0,59,0,64
913,125.0,Normal,Normal1,870,7,0,0,0,0,7
914,125.0,Slow,Slow1,578,0,0,0,0,0,0
915,125.0,Normal,normal.0,781,5,0,0,0,0,5
916,125.0,Normal,normal.1,635,5,0,0,0,0,5
917,125.0,Normal,normal.2,17,0,0,0,0,0,0
918,125.0,Slow,s.0,485,0,0,0,0,0,0
919,125.0,Slow,s.1,439,0,0,0,0,0,0
920,125.0,Slow,s.2,3,0,0,0,0,0,0
921,126.0,Dangerous,Dang.0,803,19,32,0,1,2,54
922,126.0,Dangerous,Dang.1,635,5,20,2,2,1,30
923,126.0,Dangerous,Dang.2,10,0,5,0,60,0,65
924,126.0,Normal,Normal1,881,8,0,0,0,0,8
925,126.0,Slow,Slow1,581,0,0,0,0,0,0
926,126.0,Normal,normal.0,793,5,0,0,0,0,5
927,126.0,Normal,normal.1,642,5,0,0,0,0,5
928,126.0,Normal,normal.2,17,0,0,0,0,0,0
929,126.0,Slow,s.0,492,0,0,0,0,0,0
930,126.0,Slow,s.1,446,0,0,0,0,0,0
931,126.0,Slow,s.2,3,0,0,0,0,0,0
932,127.0,Dangerous,Dang.0,812,19,32,0,1,2,54
933,127.0,Dangerous,Dang.1,645,5,20,2,2,1,30
934,127.0,Dangerous,Dang.2,10,0,5,0,61,0,66
935,127.0,Normal,Normal1,892,8,0,0,0,0,8
936,127.0,Slow,Slow1,584,0,0,0,0,0,0
937,127.0,Normal,normal.0,804,5,0,0,0,0,5
938,127.0,Normal,normal.1,651,5,0,0,0,0,5
939,127.0,Normal,normal.2,17,0,0,0,0,0,0
940,127.0,Slow,s.0,499,0,0,0,0,0,0
941,127.0,Slow,s.1,452,0,0,0,0,0,0
942,127.0,Slow,s.2,3,0,0,0,0,0,0
943,128.0,Dangerous,Dang.0,822,20,32,0,1,2,55
944,128.0,Dangerous,Dang.1,657,5,20,2,2,1,30
945,128.0,Dangerous,Dang.2,10,0,5,0,61,0,66
946,128.0,Normal,Normal1,904,8,0,0,0,0,8
947,128.0,Slow,Slow1,586,0,0,0,0,0,0
948,128.0,Normal,normal.0,816,5,0,0,0,0,5
949,128.0,Normal,normal.1,661,5,0,0,0,0,5
950,128.0,Normal,normal.2,19,0,0,0,0,0,0
951,128.0,Slow,s.0,506,0,0,0,0,0,0
952,128.0,Slow,s.1,459,0,0,0,0,0,0
953,128.0,Slow,s.2,3,0,0,0,0,0,0
954,129.0,Dangerous,Dang.0,831,20,32,0,1,2,55
955,129.0,Dangerous,Dang.1,670,5,20,2,2,1,30
956,129.0,Dangerous,Dang.2,13,0,5,0,61,0,66
957,129.0,Normal,Normal1,917,8,0,0,0,0,8
958,129.0,Slow,Slow1,587,0,0,0,0,0,0
959,129.0,Normal,normal.0,827,5,0,0,0,0,5
960,129.0,Normal,normal.1,673,5,0,0,0,0,5
961,129.0,Normal,normal.2,23,0,0,0,0,0,0
962,129.0,Slow,s.0,513,0,0,0,0,0,0
963,129.0,Slow,s.1,466,0,0,0,0,0,0
964,129.0,Slow,s.2,3,0,0,0,0,0,0
965,130.0,Dangerous,Dang.0,844,20,32,0,1,2,55
966,130.0,Dangerous,Dang.1,684,6,20,2,2,1,31
967,130.0,Dangerous,Dang.2,18,0,6,0,61,0,67
968,130.0,Normal,Normal1,930,8,0,0,0,0,8
969,130.0,Slow,Slow1,588,0,0,0,0,0,0
970,130.0,Normal,normal.0,839,6,0,0,0,0,6
971,130.0,Normal,normal.1,685,5,0,0,0,0,5
972,130.0,Normal,normal.2,29,0,0,0,0,0,0
973,130.0,Slow,s.0,520,0,0,0,0,0,0
974,130.0,Slow,s.1,473,0,0,0,0,0,0
975,130.0,Slow,s.2,3,0,0,0,0,0,0
976,131.0,Dangerous,Dang.0,854,20,32,0,1,2,55
977,131.0,Dangerous,Dang.1,699,7,20,2,2,1,32
978,131.0,Dangerous,Dang.2,24,0,6,0,61,0,67
979,131.0,Normal,Normal1,943,8,0,0,0,0,8
980,131.0,Slow,Slow1,589,0,0,0,0,0,0
981,131.0,Normal,normal.0,850,6,0,0,0,0,6
982,131.0,Normal,normal.1,697,5,0,0,0,0,5
983,131.0,Normal,normal.2,36,0,0,0,0,0,0
984,131.0,Slow,s.0,527,0,0,0,0,0,0
985,131.0,Slow,s.1,480,0,0,0,0,0,0
986,131.0,Slow,s.2,5,0,0,0,0,0,0
987,132.0,Dangerous,Dang.0,862,20,32,0,1,2,55
988,132.0,Dangerous,Dang.1,714,8,20,2,2,1,33
989,132.0,Dangerous,Dang.2,31,0,6,0,61,0,67
990,132.0,Dangerous,Danger1,0,0,0,0,0,0,0
991,132.0,Normal,Normal1,955,8,0,0,0,0,8
992,132.0,Slow,Slow1,589,0,0,0,0,0,0
993,132.0,Normal,normal.0,862,6,0,0,0,0,6
994,132.0,Normal,normal.1,710,5,0,0,0,0,5
995,132.0,Normal,normal.2,45,0,0,0,0,0,0
996,132.0,Slow,s.0,534,0,0,0,0,0,0
997,132.0,Slow,s.1,487,0,0,0,0,0,0
998,132.0,Slow,s.2,7,0,0,0,0,0,0
999,133.0,Dangerous,Dang.0,871,21,32,0,1,2,56
1000,133.0,Dangerous,Dang.1,728,9,20,2,2,1,34
1001,133.0,Dangerous,Dang.2,42,0,6,0,61,0,67
1002,133.0,Dangerous,Danger1,2,0,1,0,0,0,1
1003,133.0,Normal,Normal1,968,8,0,0,0,0,8
1004,133.0,Slow,Slow1,590,0,0,0,0,0,0
1005,133.0,Normal,normal.0,873,6,0,0,0,0,6
1006,133.0,Normal,normal.1,722,5,0,0,0,0,5
1007,133.0,Normal,normal.2,55,0,0,0,0,0,0
1008,133.0,Slow,s.0,541,0,0,0,0,0,0
1009,133.0,Slow,s.1,494,0,0,0,0,0,0
1010,133.0,Slow,s.2,10,0,0,0,0,0,0
1011,134.0,Dangerous,Dang.0,880,21,32,0,1,2,56
1012,134.0,Dangerous,Dang.1,742,10,20,2,2,1,35
1013,134.0,Dangerous,Dang.2,53,0,6,0,61,0,67
1014,134.0,Dangerous,Danger1,5,0,2,0,0,0,2
1015,134.0,Normal,Normal1,980,8,0,0,0,0,8
1016,134.0,Slow,Slow1,590,0,0,0,0,0,0
1017,134.0,Normal,normal.0,885,7,0,0,0,0,7
1018,134.0,Normal,normal.1,735,5,0,0,0,0,5
1019,134.0,Normal,normal.2,64,0,0,0,0,0,0
1020,134.0,Slow,s.0,547,0,0,0,0,0,0
1021,134.0,Slow,s.1,501,0,0,0,0,0,0
1022,134.0,Slow,s.2,14,0,0,0,0,0,0
1023,135.0,Dangerous,Dang.0,893,21,32,0,1,2,56
1024,135.0,Dangerous,Dang.1,756,10,20,2,2,1,35
1025,135.0,Dangerous,Dang.2,62,0,6,0,61,0,67
1026,135.0,Dangerous,Danger1,9,0,2,0,0,0,2
1027,135.0,Normal,Normal1,992,8,0,0,0,0,8
1028,135.0,Slow,Slow1,590,0,0,0,0,0,0
1029,135.0,Normal,normal.0,896,7,0,0,0,0,7
1030,135.0,Normal,normal.1,747,5,0,0,0,0,5
1031,135.0,Normal,normal.2,74,0,0,0,0,0,0
1032,135.0,Slow,s.0,553,0,0,0,0,0,0
1033,135.0,Slow,s.1,507,0,0,0,0,0,0
1034,135.0,Slow,s.2,19,0,0,0,0,0,0
1035,136.0,Dangerous,Dang.0,907,22,32,0,1,2,57
1036,136.0,Dangerous,Dang.1,770,10,20,2,2,1,35
1037,136.0,Dangerous,Dang.2,72,0,6,0,61,0,67
1038,136.0,Dangerous,Danger1,15,0,2,0,0,0,2
1039,136.0,Normal,Normal1,1003,8,0,0,0,0,8
1040,136.0,Slow,Slow1,590,0,0,0,0,0,0
1041,136.0,Normal,normal.0,905,7,0,0,0,0,7
1042,136.0,Normal,normal.1,758,5,0,0,0,0,5
1043,136.0,Normal,normal.2,83,1,0,0,0,0,1
1044,136.0,Slow,s.0,559,0,0,0,0,0,0
1045,136.0,Slow,s.1,514,0,0,0,0,0,0
1046,136.0,Slow,s.2,25,0,0,0,0,0,0
1047,137.0,Dangerous,Dang.0,923,23,32,0,1,2,58
1048,137.0,Dangerous,Dang.1,782,10,20,2,2,1,35
1049,137.0,Dangerous,Dang.2,82,1,6,0,61,0,68
1050,137.0,Dangerous,Danger1,20,0,2,0,0,0,2
1051,137.0,Normal,Normal1,1014,8,0,0,0,0,8
1052,137.0,Slow,Slow1,590,0,0,0,0,0,0
1053,137.0,Normal,normal.0,915,7,0,0,0,0,7
1054,137.0,Normal,normal.1,769,5,0,0,0,0,5
1055,137.0,Normal,normal.2,93,2,0,0,0,0,2
1056,137.0,Slow,s.0,565,0,0,0,0,0,0
1057,137.0,Slow,s.1,521,0,0,0,0,0,0
1058,137.0,Slow,s.2,30,0,0,0,0,0,0
1059,138.0,Dangerous,Dang.0,939,24,32,0,1,2,59
1060,138.0,Dangerous,Dang.1,793,10,20,2,2,1,35
1061,138.0,Dangerous,Dang.2,92,1,6,0,61,0,68
1062,138.0,Dangerous,Danger1,26,0,2,0,0,0,2
1063,138.0,Normal,Normal1,1023,8,0,0,0,0,8
1064,138.0,Slow,Slow1,590,0,0,0,0,0,0
1065,138.0,Normal,normal.0,926,7,0,0,0,0,7
1066,138.0,Normal,normal.1,779,5,0,0,0,0,5
1067,138.0,Normal,normal.2,102,2,0,0,0,0,2
1068,138.0,Slow,s.0,570,0,0,0,0,0,0
1069,138.0,Slow,s.1,527,0,0,0,0,0,0
1070,138.0,Slow,s.2,37,0,0,0,0,0,0
1071,139.0,Dangerous,Dang.0,955,25,32,0,1,2,60
1072,139.0,Dangerous,Dang.1,802,10,20,2,2,1,35
1073,139.0,Dangerous,Dang.2,105,1,6,0,61,0,68
1074,139.0,Dangerous,Danger1,32,0,2,0,0,0,2
1075,139.0,Normal,Normal1,1030,8,0,0,0,0,8
1076,139.0,Slow,Slow1,591,0,0,0,0,0,0
1077,139.0,Normal,normal.0,938,7,0,0,0,0,7
1078,139.0,Normal,normal.1,788,5,0,0,0,0,5
1079,139.0,Normal,normal.2,112,2,0,0,0,0,2
1080,139.0,Slow,s.0,574,0,0,0,0,0,0
1081,139.0,Slow,s.1,534,0,0,0,0,0,0
1082,139.0,Slow,s.2,44,0,0,0,0,0,0
1083,140.0,Dangerous,Dang.0,971,26,32,0,1,2,61
1084,140.0,Dangerous,Dang.1,812,10,20,2,2,1,35
1085,140.0,Dangerous,Dang.2,115,1,6,0,61,0,68
1086,140.0,Dangerous,Danger1,42,0,2,0,0,0,2
1087,140.0,Normal,Normal1,1036,8,0,0,0,0,8
1088,140.0,Slow,Slow1,591,0,0,0,0,0,0
1089,140.0,Normal,normal.0,950,7,0,0,0,0,7
1090,140.0,Normal,normal.1,797,5,0,0,0,0,5
1091,140.0,Normal,normal.2,121,2,0,0,0,0,2
1092,140.0,Slow,s.0,578,0,0,0,0,0,0
1093,140.0,Slow,s.1,540,0,0,0,0,0,0
1094,140.0,Slow,s.2,52,0,0,0,0,0,0
1095,141.0,Dangerous,Dang.0,985,27,32,0,1,2,62
1096,141.0,Dangerous,Dang.1,822,11,20,2,2,1,36
1097,141.0,Dangerous,Dang.2,124,2,6,0,61,0,69
1098,141.0,Dangerous,Danger1,53,0,2,0,0,0,2
1099,141.0,Normal,Normal1,1041,8,0,0,0,0,8
1100,141.0,Slow,Slow1,591,0,0,0,0,0,0
1101,141.0,Normal,normal.0,962,7,0,0,0,0,7
1102,141.0,Normal,normal.1,807,5,0,0,0,0,5
1103,141.0,Normal,normal.2,131,3,0,0,0,0,3
1104,141.0,Slow,s.0,581,0,0,0,0,0,0
1105,141.0,Slow,s.1,545,0,0,0,0,0,0
1106,141.0,Slow,s.2,60,0,0,0,0,0,0
1107,142.0,Dangerous,Dang.0,998,27,32,0,1,2,62
1108,142.0,Dangerous,Dang.1,831,12,20,2,2,1,37
1109,142.0,Dangerous,Dang.2,133,2,6,0,61,0,69
1110,142.0,Dangerous,Danger1,62,0,2,0,0,0,2
1111,142.0,Normal,Normal1,1044,8,0,0,0,0,8
1112,142.0,Slow,Slow1,591,0,0,0,0,0,0
1113,142.0,Normal,normal.0,975,7,0,0,0,0,7
1114,142.0,Normal,normal.1,816,6,0,0,0,0,6
1115,142.0,Normal,normal.2,140,4,0,0,0,0,4
1116,142.0,Slow,s.0,583,0,0,0,0,0,0
1117,142.0,Slow,s.1,550,0,0,0,0,0,0
1118,142.0,Slow,s.2,68,0,0,0,0,0,0
1119,143.0,Dangerous,Dang.0,1009,27,32,1,1,2,63
1120,143.0,Dangerous,Dang.1,841,12,20,2,2,1,37
1121,143.0,Dangerous,Dang.2,147,2,6,0,61,0,69
1122,143.0,Dangerous,Danger1,71,0,2,0,0,0,2
1123,143.0,Normal,Normal1,1047,8,0,0,0,0,8
1124,143.0,Slow,Slow1,591,0,0,0,0,0,0
1125,143.0,Normal,normal.0,987,7,0,0,0,0,7
1126,143.0,Normal,normal.1,826,6,0,0,0,0,6
1127,143.0,Normal,normal.2,149,4,0,0,0,0,4
1128,143.0,Slow,s.0,584,0,0,0,0,0,0
1129,143.0,Slow,s.1,555,0,0,0,0,0,0
1130,143.0,Slow,s.2,76,0,0,0,0,0,0
1131,144.0,Dangerous,Dang.0,1017,27,33,2,1,2,65
1132,144.0,Dangerous,Dang.1,854,12,20,2,2,1,37
1133,144.0,Dangerous,Dang.2,162,3,6,0,61,0,70
1134,144.0,Dangerous,Danger1,80,1,2,0,0,0,3
1135,144.0,Normal,Normal1,1048,8,0,0,0,0,8
1136,144.0,Slow,Slow1,591,0,0,0,0,0,0
1137,144.0,Normal,normal.0,998,7,0,0,0,0,7
1138,144.0,Normal,normal.1,835,6,0,0,0,0,6
1139,144.0,Normal,normal.2,160,4,0,0,0,0,4
1140,144.0,Slow,s.0,586,0,0,0,0,0,0
1141,144.0,Slow,s.1,558,0,0,0,0,0,0
1142,144.0,Slow,s.2,85,0,0,0,0,0,0
1143,145.0,Dangerous,Dang.0,1023,27,34,3,1,2,67
1144,145.0,Dangerous,Dang.1,864,12,20,2,2,1,37
1145,145.0,Dangerous,Dang.2,179,4,6,0,61,0,71
1146,145.0,Dangerous,Danger1,90,1,2,0,0,0,3
1147,145.0,Normal,Normal1,1049,8,0,0,0,0,8
1148,145.0,Slow,Slow1,591,0,0,0,0,0,0
1149,145.0,Normal,normal.0,1009,7,0,0,0,0,7
1150,145.0,Normal,normal.1,845,6,0,0,0,0,6
1151,145.0,Normal,normal.2,172,4,0,0,0,0,4
1152,145.0,Slow,s.0,586,0,0,0,0,0,0
1153,145.0,Slow,s.1,561,0,0,0,0,0,0
1154,145.0,Slow,s.2,93,0,0,0,0,0,0
1155,146.0,Dangerous,Dang.0,1026,27,35,4,1,2,69
1156,146.0,Dangerous,Dang.1,873,13,20,2,2,1,38
1157,146.0,Dangerous,Dang.2,197,5,6,0,61,0,72
1158,146.0,Dangerous,Danger1,102,1,2,0,0,0,3
1159,146.0,Normal,Normal1,1050,8,0,0,0,0,8
1160,146.0,Slow,Slow1,591,0,0,0,0,0,0
1161,146.0,Normal,normal.0,1019,7,0,0,0,0,7
1162,146.0,Normal,normal.1,855,6,0,0,0,0,6
1163,146.0,Normal,normal.2,185,4,0,0,0,0,4
1164,146.0,Slow,s.0,587,0,0,0,0,0,0
1165,146.0,Slow,s.1,563,0,0,0,0,0,0
1166,146.0,Slow,s.2,101,0,0,0,0,0,0
1167,147.0,Dangerous,Dang.0,1028,27,36,5,2,2,72
1168,147.0,Dangerous,Dang.1,883,14,20,2,2,1,39
1169,147.0,Dangerous,Dang.2,215,6,6,0,61,0,73
1170,147.0,Dangerous,Danger1,112,1,2,0,0,0,3
1171,147.0,Normal,Normal1,1050,8,0,0,0,0,8
1172,147.0,Slow,Slow1,591,0,0,0,0,0,0
1173,147.0,Normal,normal.0,1026,7,0,0,0,0,7
1174,147.0,Normal,normal.1,864,7,0,0,0,0,7
1175,147.0,Normal,normal.2,199,4,0,0,0,0,4
1176,147.0,Slow,s.0,587,0,0,0,0,0,0
1177,147.0,Slow,s.1,565,0,0,0,0,0,0
1178,147.0,Slow,s.2,109,0,0,0,0,0,0
1179,148.0,Dangerous,Dang.0,1030,27,37,6,3,2,75
1180,148.0,Dangerous,Dang.1,893,14,20,2,2,1,39
1181,148.0,Dangerous,Dang.2,232,7,6,0,61,0,74
1182,148.0,Dangerous,Danger1,120,1,2,0,0,0,3
1183,148.0,Normal,Normal1,1050,8,0,0,0,0,8
1184,148.0,Slow,Slow1,591,0,0,0,0,0,0
1185,148.0,Normal,normal.0,1032,7,0,0,0,0,7
1186,148.0,Normal,normal.1,874,7,0,0,0,0,7
1187,148.0,Normal,normal.2,212,4,0,0,0,0,4
1188,148.0,Slow,s.0,588,0,0,0,0,0,0
1189,148.0,Slow,s.1,566,0,0,0,0,0,0
1190,148.0,Slow,s.2,118,0,0,0,0,0,0
1191,149.0,Dangerous,Dang.0,1030,27,37,6,4,2,76
1192,149.0,Dangerous,Dang.1,905,14,20,2,2,1,39
1193,149.0,Dangerous,Dang.2,250,8,6,0,61,0,75
1194,149.0,Dangerous,Danger1,129,2,2,0,0,0,4
1195,149.0,Normal,Normal1,1051,8,0,0,0,0,8
1196,149.0,Slow,Slow1,591,0,0,0,0,0,0
1197,149.0,Normal,normal.0,1036,7,0,0,0,0,7
1198,149.0,Normal,normal.1,884,7,0,0,0,0,7
1199,149.0,Normal,normal.2,226,4,0,0,0,0,4
1200,149.0,Slow,s.0,588,0,0,0,0,0,0
1201,149.0,Slow,s.1,568,0,0,0,0,0,0
1202,149.0,Slow,s.2,126,0,0,0,0,0,0
1203,150.0,Dangerous,Dang.0,1030,27,37,6,5,2,77
1204,150.0,Dangerous,Dang.1,920,14,20,2,2,1,39
1205,150.0,Dangerous,Dang.2,266,9,6,0,61,0,76
1206,150.0,Dangerous,Danger1,138,2,2,0,0,0,4
1207,150.0,Normal,Normal1,1051,8,0,0,0,0,8
1208,150.0,Slow,Slow1,591,0,0,0,0,0,0
1209,150.0,Normal,normal.0,1038,7,0,0,0,0,7
1210,150.0,Normal,normal.1,893,7,0,0,0,0,7
1211,150.0,Normal,normal.2,239,4,0,0,0,0,4
1212,150.0,Slow,s.0,588,0,0,0,0,0,0
1213,150.0,Slow,s.1,568,0,0,0,0,0,0
1214,150.0,Slow,s.2,134,0,0,0,0,0,0
1215,151.0,Dangerous,Dang.0,1030,27,37,6,6,2,78
1216,151.0,Dangerous,Dang.1,934,15,20,2,2,1,40
1217,151.0,Dangerous,Dang.2,283,10,6,0,61,0,77
1218,151.0,Dangerous,Danger1,151,2,2,0,0,0,4
1219,151.0,Normal,Normal1,1052,8,0,0,0,0,8
1220,151.0,Slow,Slow1,591,0,0,0,0,0,0
1221,151.0,Normal,normal.0,1040,7,0,0,0,0,7
1222,151.0,Normal,normal.1,900,7,0,0,0,0,7
1223,151.0,Normal,normal.2,252,4,0,0,0,0,4
1224,151.0,Slow,s.0,588,0,0,0,0,0,0
1225,151.0,Slow,s.1,569,0,0,0,0,0,0
1226,151.0,Slow,s.2,142,0,0,0,0,0,0
1227,152.0,Dangerous,Dang.0,1030,27,37,6,7,2,79
1228,152.0,Dangerous,Dang.1,948,16,20,2,2,1,41
1229,152.0,Dangerous,Dang.2,299,11,6,0,61,0,78
1230,152.0,Dangerous,Danger1,166,3,2,0,0,0,5
1231,152.0,Normal,Normal1,1052,8,0,0,0,0,8
1232,152.0,Slow,Slow1,591,0,0,0,0,0,0
1233,152.0,Normal,normal.0,1041,7,0,0,0,0,7
1234,152.0,Normal,normal.1,908,7,0,0,0,0,7
1235,152.0,Normal,normal.2,265,4,0,0,0,0,4
1236,152.0,Slow,s.0,588,0,0,0,0,0,0
1237,152.0,Slow,s.1,569,0,0,0,0,0,0
1238,152.0,Slow,s.2,151,0,0,0,0,0,0
1239,153.0,Dangerous,Dang.0,1030,27,37,6,8,2,80
1240,153.0,Dangerous,Dang.1,962,16,20,2,2,1,41
1241,153.0,Dangerous,Dang.2,315,12,6,0,61,0,79
1242,153.0,Dangerous,Danger1,182,4,2,0,0,0,6
1243,153.0,Normal,Normal1,1052,8,0,0,0,0,8
1244,153.0,Slow,Slow1,591,0,0,0,0,0,0
1245,153.0,Normal,normal.0,1041,7,0,0,0,0,7
1246,153.0,Normal,normal.1,918,7,0,0,0,0,7
1247,153.0,Normal,normal.2,278,4,0,0,0,0,4
1248,153.0,Slow,s.0,588,0,0,0,0,0,0
1249,153.0,Slow,s.1,570,0,0,0,0,0,0
1250,153.0,Slow,s.2,159,0,0,0,0,0,0
1251,154.0,Dangerous,Dang.0,1030,27,37,6,9,2,81
1252,154.0,Dangerous,Dang.1,976,16,20,2,2,1,41
1253,154.0,Dangerous,Dang.2,329,12,6,0,61,0,79
1254,154.0,Dangerous,Danger1,198,5,2,0,0,0,7
1255,154.0,Normal,Normal1,1052,8,0,0,0,0,8
1256,154.0,Slow,Slow1,591,0,0,0,0,0,0
1257,154.0,Normal,normal.0,1042,7,0,0,0,0,7
1258,154.0,Normal,normal.1,928,7,0,0,0,0,7
1259,154.0,Normal,normal.2,291,4,0,0,0,0,4
1260,154.0,Slow,s.0,588,0,0,0,0,0,0
1261,154.0,Slow,s.1,570,0,0,0,0,0,0
1262,154.0,Slow,s.2,168,0,0,0,0,0,0
1263,155.0,Dangerous,Dang.0,1030,27,37,6,10,2,82
1264,155.0,Dangerous,Dang.1,989,16,20,2,2,1,41
1265,155.0,Dangerous,Dang.2,341,12,6,0,61,0,79
1266,155.0,Dangerous,Danger1,215,6,2,0,0,0,8
1267,155.0,Normal,Normal1,1052,8,0,0,0,0,8
1268,155.0,Slow,Slow1,591,0,0,0,0,0,0
1269,155.0,Normal,normal.0,1042,7,0,0,0,0,7
1270,155.0,Normal,normal.1,939,7,0,0,0,0,7
1271,155.0,Normal,normal.2,303,4,0,0,0,0,4
1272,155.0,Slow,s.0,588,0,0,0,0,0,0
1273,155.0,Slow,s.1,570,0,0,0,0,0,0
1274,155.0,Slow,s.2,177,0,0,0,0,0,0
1275,156.0,Dangerous,Dang.0,1030,27,37,6,11,2,83
1276,156.0,Dangerous,Dang.1,1000,16,20,2,2,1,41
1277,156.0,Dangerous,Dang.2,350,12,6,0,61,0,79
1278,156.0,Dangerous,Danger1,231,7,2,0,0,0,9
1279,156.0,Normal,Normal1,1052,8,0,0,0,0,8
1280,156.0,Slow,Slow1,591,0,0,0,0,0,0
1281,156.0,Normal,normal.0,1042,7,0,0,0,0,7
1282,156.0,Normal,normal.1,950,7,0,0,0,0,7
1283,156.0,Normal,normal.2,315,4,0,0,0,0,4
1284,156.0,Slow,s.0,589,0,0,0,0,0,0
1285,156.0,Slow,s.1,570,0,0,0,0,0,0
1286,156.0,Slow,s.2,186,0,0,0,0,0,0
1287,157.0,Dangerous,Dang.0,1030,27,37,6,12,2,84
1288,157.0,Dangerous,Dang.1,1010,16,20,3,2,1,42
1289,157.0,Dangerous,Dang.2,360,12,6,0,61,0,79
1290,157.0,Dangerous,Danger1,247,8,2,0,0,0,10
1291,157.0,Normal,Normal1,1052,8,0,0,0,0,8
1292,157.0,Slow,Slow1,591,0,0,0,0,0,0
1293,157.0,Normal,normal.0,1042,7,0,0,0,0,7
1294,157.0,Normal,normal.1,961,7,0,0,0,0,7
1295,157.0,Normal,normal.2,326,4,0,0,0,0,4
1296,157.0,Slow,s.0,589,0,0,0,0,0,0
1297,157.0,Slow,s.1,570,0,0,0,0,0,0
1298,157.0,Slow,s.2,195,0,0,0,0,0,0
1299,158.0,Dangerous,Dang.0,1030,27,37,6,13,2,85
1300,158.0,Dangerous,Dang.1,1017,16,20,4,2,1,43
1301,158.0,Dangerous,Dang.2,370,13,6,0,61,0,80
1302,158.0,Dangerous,Danger1,264,9,2,0,0,0,11
1303,158.0,Normal,Normal1,1052,8,0,0,0,0,8
1304,158.0,Slow,Slow1,591,0,0,0,0,0,0
1305,158.0,Normal,normal.0,1043,7,0,0,0,0,7
1306,158.0,Normal,normal.1,972,7,0,0,0,0,7
1307,158.0,Normal,normal.2,337,4,0,0,0,0,4
1308,158.0,Slow,s.0,589,0,0,0,0,0,0
1309,158.0,Slow,s.1,570,0,0,0,0,0,0
1310,158.0,Slow,s.2,205,0,0,0,0,0,0
1311,159.0,Dangerous,Dang.0,1030,27,37,6,14,2,86
1312,159.0,Dangerous,Dang.1,1021,16,21,5,2,1,45
1313,159.0,Dangerous,Dang.2,380,13,6,0,61,0,80
1314,159.0,Dangerous,Danger1,279,10,2,0,0,0,12
1315,159.0,Normal,Normal1,1052,8,0,0,0,0,8
1316,159.0,Slow,Slow1,591,0,0,0,0,0,0
1317,159.0,Normal,normal.0,1043,7,0,0,0,0,7
1318,159.0,Normal,normal.1,981,7,0,0,0,0,7
1319,159.0,Normal,normal.2,346,4,0,0,0,0,4
1320,159.0,Slow,s.0,589,0,0,0,0,0,0
1321,159.0,Slow,s.1,571,0,0,0,0,0,0
1322,159.0,Slow,s.2,214,0,0,0,0,0,0
1323,160.0,Dangerous,Dang.0,1030,27,37,6,15,2,87
1324,160.0,Dangerous,Dang.1,1023,16,21,5,2,1,45
1325,160.0,Dangerous,Dang.2,393,13,6,0,61,0,80
1326,160.0,Dangerous,Danger1,295,11,2,0,0,0,13
1327,160.0,Normal,Normal1,1052,8,0,0,0,0,8
1328,160.0,Slow,Slow1,591,0,0,0,0,0,0
1329,160.0,Normal,normal.0,1043,7,0,0,0,0,7
1330,160.0,Normal,normal.1,988,7,0,0,0,0,7
1331,160.0,Normal,normal.2,354,4,0,0,0,0,4
1332,160.0,Slow,s.0,589,0,0,0,0,0,0
1333,160.0,Slow,s.1,571,0,0,0,0,0,0
1334,160.0,Slow,s.2,223,0,0,0,0,0,0
1335,161.0,Dangerous,Dang.0,1030,27,37,6,16,2,88
1336,161.0,Dangerous,Dang.1,1023,16,21,5,2,1,45
1337,161.0,Dangerous,Dang.2,404,13,6,0,61,0,80
1338,161.0,Dangerous,Danger1,310,12,2,0,0,0,14
1339,161.0,Normal,Normal1,1052,8,0,0,0,0,8
1340,161.0,Slow,Slow1,591,0,0,0,0,0,0
1341,161.0,Normal,normal.0,1043,7,0,0,0,0,7
1342,161.0,Normal,normal.1,992,7,0,0,0,0,7
1343,161.0,Normal,normal.2,362,4,0,0,0,0,4
1344,161.0,Slow,s.0,589,0,0,0,0,0,0
1345,161.0,Slow,s.1,571,0,0,0,0,0,0
1346,161.0,Slow,s.2,232,0,0,0,0,0,0
1347,162.0,Dangerous,Dang.0,1030,27,37,6,17,2,89
1348,162.0,Dangerous,Dang.1,1025,16,22,6,3,1,48
1349,162.0,Dangerous,Dang.2,412,14,6,0,61,0,81
1350,162.0,Dangerous,Danger1,324,12,2,0,0,0,14
1351,162.0,Normal,Normal1,1052,8,0,0,0,0,8
1352,162.0,Slow,Slow1,591,0,0,0,0,0,0
1353,162.0,Normal,normal.0,1043,7,0,0,0,0,7
1354,162.0,Normal,normal.1,995,7,0,0,0,0,7
1355,162.0,Normal,normal.2,370,4,0,0,0,0,4
1356,162.0,Slow,s.0,589,0,0,0,0,0,0
1357,162.0,Slow,s.1,571,0,0,0,0,0,0
1358,162.0,Slow,s.2,241,0,0,0,0,0,0
1359,163.0,Dangerous,Dang.0,1030,27,37,6,18,2,90
1360,163.0,Dangerous,Dang.1,1027,16,23,7,4,1,51
1361,163.0,Dangerous,Dang.2,422,15,6,0,61,0,82
1362,163.0,Dangerous,Danger1,337,12,2,0,0,0,14
1363,163.0,Normal,Normal1,1052,8,0,0,0,0,8
1364,163.0,Slow,Slow1,591,0,0,0,0,0,0
1365,163.0,Normal,normal.0,1043,7,0,0,0,0,7
1366,163.0,Normal,normal.1,998,7,0,0,0,0,7
1367,163.0,Normal,normal.2,378,5,0,0,0,0,5
1368,163.0,Slow,s.0,589,0,0,0,0,0,0
1369,163.0,Slow,s.1,571,0,0,0,0,0,0
1370,163.0,Slow,s.2,250,0,0,0,0,0,0
1371,164.0,Dangerous,Dang.0,1030,27,37,6,19,2,91
1372,164.0,Dangerous,Dang.1,1027,16,23,7,5,1,52
1373,164.0,Dangerous,Dang.2,432,15,6,0,61,0,82
1374,164.0,Dangerous,Danger1,347,12,2,0,0,0,14
1375,164.0,Normal,Normal1,1052,8,0,0,0,0,8
1376,164.0,Slow,Slow1,591,0,0,0,0,0,0
1377,164.0,Normal,normal.0,1043,7,0,0,0,0,7
1378,164.0,Normal,normal.1,1001,7,0,0,0,0,7
1379,164.0,Normal,normal.2,386,5,0,0,0,0,5
1380,164.0,Slow,s.0,589,0,0,0,0,0,0
1381,164.0,Slow,s.1,571,0,0,0,0,0,0
1382,164.0,Slow,s.2,259,0,0,0,0,0,0
1383,165.0,Dangerous,Dang.0,1030,27,37,6,20,2,92
1384,165.0,Dangerous,Dang.1,1027,16,23,7,6,1,53
1385,165.0,Dangerous,Dang.2,445,15,6,0,61,0,82
1386,165.0,Dangerous,Danger1,355,12,2,0,0,0,14
1387,165.0,Normal,Normal1,1052,8,0,0,0,0,8
1388,165.0,Slow,Slow1,591,0,0,0,0,0,0
1389,165.0,Normal,normal.0,1043,7,0,0,0,0,7
1390,165.0,Normal,normal.1,1002,7,0,0,0,0,7
1391,165.0,Normal,normal.2,394,5,0,0,0,0,5
1392,165.0,Slow,s.0,589,0,0,0,0,0,0
1393,165.0,Slow,s.1,571,0,0,0,0,0,0
1394,165.0,Slow,s.2,268,0,0,0,0,0,0
1395,166.0,Dangerous,Dang.0,1030,27,37,6,21,2,93
1396,166.0,Dangerous,Dang.1,1027,16,23,7,7,1,54
1397,166.0,Dangerous,Dang.2,460,16,6,0,61,0,83
1398,166.0,Dangerous,Danger1,364,12,2,0,0,0,14
1399,166.0,Normal,Normal1,1052,8,0,0,0,0,8
1400,166.0,Slow,Slow1,591,0,0,0,0,0,0
1401,166.0,Normal,normal.0,1043,7,0,0,0,0,7
1402,166.0,Normal,normal.1,1002,7,0,0,0,0,7
1403,166.0,Normal,normal.2,403,5,0,0,0,0,5
1404,166.0,Slow,s.0,589,0,0,0,0,0,0
1405,166.0,Slow,s.1,571,0,0,0,0,0,0
1406,166.0,Slow,s.2,277,0,0,0,0,0,0
1407,167.0,Dangerous,Dang.0,1030,27,37,6,22,2,94
1408,167.0,Dangerous,Dang.1,1027,16,23,7,8,1,55
1409,167.0,Dangerous,Dang.2,476,17,6,0,61,0,84
1410,167.0,Dangerous,Danger1,373,13,2,0,0,0,15
1411,167.0,Normal,Normal1,1052,8,0,0,0,0,8
1412,167.0,Slow,Slow1,591,0,0,0,0,0,0
1413,167.0,Normal,normal.0,1043,7,0,0,0,0,7
1414,167.0,Normal,normal.1,1003,7,0,0,0,0,7
1415,167.0,Normal,normal.2,411,5,0,0,0,0,5
1416,167.0,Slow,s.0,589,0,0,0,0,0,0
1417,167.0,Slow,s.1,571,0,0,0,0,0,0
1418,167.0,Slow,s.2,286,0,0,0,0,0,0
1419,168.0,Dangerous,Dang.0,1030,27,37,6,23,2,95
1420,168.0,Dangerous,Dang.1,1027,16,23,7,9,1,56
1421,168.0,Dangerous,Dang.2,493,18,6,0,61,0,85
1422,168.0,Dangerous,Danger1,382,13,2,0,0,0,15
1423,168.0,Normal,Normal1,1052,8,0,0,0,0,8
1424,168.0,Slow,Slow1,591,0,0,0,0,0,0
1425,168.0,Normal,normal.0,1043,7,0,0,0,0,7
1426,168.0,Normal,normal.1,1003,7,0,0,0,0,7
1427,168.0,Normal,normal.2,419,5,0,0,0,0,5
1428,168.0,Slow,s.0,589,0,0,0,0,0,0
1429,168.0,Slow,s.1,571,0,0,0,0,0,0
1430,168.0,Slow,s.2,294,0,0,0,0,0,0
1431,169.0,Dangerous,Dang.0,1030,27,37,6,24,2,96
1432,169.0,Dangerous,Dang.1,1027,16,23,7,10,1,57
1433,169.0,Dangerous,Dang.2,508,19,6,0,61,0,86
1434,169.0,Dangerous,Danger1,394,13,2,0,0,0,15
1435,169.0,Normal,Normal1,1052,8,0,0,0,0,8
1436,169.0,Slow,Slow1,591,0,0,0,0,0,0
1437,169.0,Normal,normal.0,1043,7,0,0,0,0,7
1438,169.0,Normal,normal.1,1003,7,0,0,0,0,7
1439,169.0,Normal,normal.2,427,6,0,0,0,0,6
1440,169.0,Slow,s.0,589,0,0,0,0,0,0
1441,169.0,Slow,s.1,571,0,0,0,0,0,0
1442,169.0,Slow,s.2,303,0,0,0,0,0,0
1443,170.0,Dangerous,Dang.0,1030,27,37,6,25,2,97
1444,170.0,Dangerous,Dang.1,1027,16,23,7,11,1,58
1445,170.0,Dangerous,Dang.2,523,20,6,0,61,0,87
1446,170.0,Dangerous,Danger1,402,13,2,0,0,0,15
1447,170.0,Normal,Normal1,1052,8,0,0,0,0,8
1448,170.0,Slow,Slow1,591,0,0,0,0,0,0
1449,170.0,Normal,normal.0,1043,7,0,0,0,0,7
1450,170.0,Normal,normal.1,1004,7,0,0,0,0,7
1451,170.0,Normal,normal.2,435,6,0,0,0,0,6
1452,170.0,Slow,s.0,589,0,0,0,0,0,0
1453,170.0,Slow,s.1,571,0,0,0,0,0,0
1454,170.0,Slow,s.2,311,0,0,0,0,0,0
1455,171.0,Dangerous,Dang.0,1030,27,37,6,26,2,98
1456,171.0,Dangerous,Dang.1,1027,16,23,7,12,1,59
1457,171.0,Dangerous,Dang.2,535,20,6,0,61,0,87
1458,171.0,Dangerous,Danger1,412,14,2,0,0,0,16
1459,171.0,Normal,Normal1,1052,8,0,0,0,0,8
1460,171.0,Slow,Slow1,591,0,0,0,0,0,0
1461,171.0,Normal,normal.0,1043,7,0,0,0,0,7
1462,171.0,Normal,normal.1,1004,7,0,0,0,0,7
1463,171.0,Normal,normal.2,445,6,0,0,0,0,6
1464,171.0,Slow,s.0,589,0,0,0,0,0,0
1465,171.0,Slow,s.1,571,0,0,0,0,0,0
1466,171.0,Slow,s.2,319,0,0,0,0,0,0
1467,172.0,Dangerous,Dang.0,1030,27,37,6,27,2,99
1468,172.0,Dangerous,Dang.1,1027,16,23,7,13,1,60
1469,172.0,Dangerous,Dang.2,546,20,6,1,61,0,88
1470,172.0,Dangerous,Danger1,420,15,2,0,0,0,17
1471,172.0,Normal,Normal1,1052,8,0,0,0,0,8
1472,172.0,Slow,Slow1,591,0,0,0,0,0,0
1473,172.0,Normal,normal.0,1043,7,0,0,0,0,7
1474,172.0,Normal,normal.1,1004,7,0,0,0,0,7
1475,172.0,Normal,normal.2,456,6,0,0,0,0,6
1476,172.0,Slow,s.0,589,0,0,0,0,0,0
1477,172.0,Slow,s.1,571,0,0,0,0,0,0
1478,172.0,Slow,s.2,327,0,0,0,0,0,0
1479,173.0,Dangerous,Dang.0,1030,27,37,6,28,2,100
1480,173.0,Dangerous,Dang.1,1027,16,23,7,14,1,61
1481,173.0,Dangerous,Dang.2,554,20,6,2,61,0,89
1482,173.0,Dangerous,Danger1,430,15,2,0,0,0,17
1483,173.0,Normal,Normal1,1052,8,0,0,0,0,8
1484,173.0,Slow,Slow1,591,0,0,0,0,0,0
1485,173.0,Normal,normal.0,1043,7,0,0,0,0,7
1486,173.0,Normal,normal.1,1004,7,0,0,0,0,7
1487,173.0,Normal,normal.2,467,6,0,0,0,0,6
1488,173.0,Slow,s.0,589,0,0,0,0,0,0
1489,173.0,Slow,s.1,571,0,0,0,0,0,0
1490,173.0,Slow,s.2,335,0,0,0,0,0,0
1491,174.0,Dangerous,Dang.0,1030,27,37,6,29,2,101
1492,174.0,Dangerous,Dang.1,1027,16,23,7,15,1,62
1493,174.0,Dangerous,Dang.2,559,20,7,3,61,0,91
1494,174.0,Dangerous,Danger1,442,15,2,0,0,0,17
1495,174.0,Normal,Normal1,1052,8,0,0,0,0,8
1496,174.0,Slow,Slow1,591,0,0,0,0,0,0
1497,174.0,Normal,normal.0,1043,7,0,0,0,0,7
1498,174.0,Normal,normal.1,1004,7,0,0,0,0,7
1499,174.0,Normal,normal.2,480,6,0,0,0,0,6
1500,174.0,Slow,s.0,589,0,0,0,0,0,0
1501,174.0,Slow,s.1,571,0,0,0,0,0,0
1502,174.0,Slow,s.2,342,0,0,0,0,0,0
1503,175.0,Dangerous,Dang.0,1030,27,37,6,30,2,102
1504,175.0,Dangerous,Dang.1,1027,16,23,7,16,1,63
1505,175.0,Dangerous,Dang.2,561,20,7,4,61,0,92
1506,175.0,Dangerous,Danger1,456,15,2,0,0,0,17
1507,175.0,Normal,Normal1,1052,8,0,0,0,0,8
1508,175.0,Slow,Slow1,591,0,0,0,0,0,0
1509,175.0,Normal,normal.0,1043,7,0,0,0,0,7
1510,175.0,Normal,normal.1,1004,7,0,0,0,0,7
1511,175.0,Normal,normal.2,492,6,0,0,0,0,6
1512,175.0,Slow,s.0,589,0,0,0,0,0,0
1513,175.0,Slow,s.1,571,0,0,0,0,0,0
1514,175.0,Slow,s.2,349,0,0,0,0,0,0
1515,176.0,Dangerous,Dang.0,1030,27,37,6,31,2,103
1516,176.0,Dangerous,Dang.1,1027,16,23,7,17,1,64
1517,176.0,Dangerous,Dang.2,561,20,7,4,61,0,92
1518,176.0,Dangerous,Danger1,470,15,3,0,0,0,18
1519,176.0,Normal,Normal1,1052,8,0,0,0,0,8
1520,176.0,Slow,Slow1,591,0,0,0,0,0,0
1521,176.0,Normal,normal.0,1043,7,0,0,0,0,7
1522,176.0,Normal,normal.1,1004,7,0,0,0,0,7
1523,176.0,Normal,normal.2,504,6,0,0,0,0,6
1524,176.0,Slow,s.0,589,0,0,0,0,0,0
1525,176.0,Slow,s.1,571,0,0,0,0,0,0
1526,176.0,Slow,s.2,356,0,0,0,0,0,0
1527,177.0,Dangerous,Dang.0,1030,27,37,6,32,2,104
1528,177.0,Dangerous,Dang.1,1027,16,23,7,18,1,65
1529,177.0,Dangerous,Dang.2,564,20,8,5,62,0,95
1530,177.0,Dangerous,Danger1,484,15,4,0,0,0,19
1531,177.0,Normal,Normal1,1052,8,0,0,0,0,8
1532,177.0,Slow,Slow1,591,0,0,0,0,0,0
1533,177.0,Normal,normal.0,1043,7,0,0,0,0,7
1534,177.0,Normal,normal.1,1004,7,0,0,0,0,7
1535,177.0,Normal,normal.2,516,6,0,0,0,0,6
1536,177.0,Slow,s.0,589,0,0,0,0,0,0
1537,177.0,Slow,s.1,571,0,0,0,0,0,0
1538,177.0,Slow,s.2,363,0,0,0,0,0,0
1539,178.0,Dangerous,Dang.0,1030,27,37,6,33,2,105
1540,178.0,Dangerous,Dang.1,1027,16,23,7,19,1,66
1541,178.0,Dangerous,Dang.2,565,20,9,6,63,0,98
1542,178.0,Dangerous,Danger1,497,15,5,0,0,0,20
1543,178.0,Normal,Normal1,1052,8,0,0,0,0,8
1544,178.0,Slow,Slow1,591,0,0,0,0,0,0
1545,178.0,Normal,normal.0,1043,7,0,0,0,0,7
1546,178.0,Normal,normal.1,1004,7,0,0,0,0,7
1547,178.0,Normal,normal.2,527,6,0,0,0,0,6
1548,178.0,Slow,s.0,589,0,0,0,0,0,0
1549,178.0,Slow,s.1,571,0,0,0,0,0,0
1550,178.0,Slow,s.2,370,0,0,0,0,0,0
1551,179.0,Dangerous,Dang.0,1030,27,37,6,34,2,106
1552,179.0,Dangerous,Dang.1,1027,16,23,7,20,1,67
1553,179.0,Dangerous,Dang.2,565,20,9,6,64,0,99
1554,179.0,Dangerous,Danger1,509,15,5,0,0,0,20
1555,179.0,Normal,Normal1,1052,8,0,0,0,0,8
1556,179.0,Slow,Slow1,591,0,0,0,0,0,0
1557,179.0,Normal,normal.0,1043,7,0,0,0,0,7
1558,179.0,Normal,normal.1,1004,7,0,0,0,0,7
1559,179.0,Normal,normal.2,537,6,0,0,0,0,6
1560,179.0,Slow,s.0,589,0,0,0,0,0,0
1561,179.0,Slow,s.1,571,0,0,0,0,0,0
1562,179.0,Slow,s.2,377,0,0,0,0,0,0
1563,180.0,Dangerous,Dang.0,1030,27,37,6,35,2,107
1564,180.0,Dangerous,Dang.1,1027,16,23,7,21,1,68
1565,180.0,Dangerous,Dang.2,565,20,9,6,65,0,100
1566,180.0,Dangerous,Danger1,520,15,5,0,0,0,20
1567,180.0,Normal,Normal1,1052,8,0,0,0,0,8
1568,180.0,Slow,Slow1,591,0,0,0,0,0,0
1569,180.0,Normal,normal.0,1043,7,0,0,0,0,7
1570,180.0,Normal,normal.1,1004,7,0,0,0,0,7
1571,180.0,Normal,normal.2,545,6,0,0,0,0,6
1572,180.0,Slow,s.0,589,0,0,0,0,0,0
1573,180.0,Slow,s.1,571,0,0,0,0,0,0
1574,180.0,Slow,s.2,385,0,0,0,0,0,0
1575,181.0,Dangerous,Dang.0,1030,27,37,6,35,2,107
1576,181.0,Dangerous,Dang.1,1027,16,23,7,22,1,69
1577,181.0,Dangerous,Dang.2,565,20,9,6,66,0,101
1578,181.0,Dangerous,Danger1,529,15,6,0,0,0,21
1579,181.0,Normal,Normal1,1054,8,0,0,0,0,8
1580,181.0,Slow,Slow1,592,0,0,0,0,0,0
1581,181.0,Normal,normal.0,1043,7,0,0,0,0,7
1582,181.0,Normal,normal.1,1004,7,0,0,0,0,7
1583,181.0,Normal,normal.2,551,6,0,0,0,0,6
1584,181.0,Slow,s.0,589,0,0,0,0,0,0
1585,181.0,Slow,s.1,571,0,0,0,0,0,0
1586,181.0,Slow,s.2,392,0,0,0,0,0,0
1587,182.0,Dangerous,Dang.0,1033,27,37,6,35,2,107
1588,182.0,Dangerous,Dang.1,1027,16,23,7,23,1,70
1589,182.0,Dangerous,Dang.2,565,20,9,6,67,0,102
1590,182.0,Dangerous,Danger1,536,15,7,0,0,0,22
1591,182.0,Normal,Normal1,1058,8,0,0,0,0,8
1592,182.0,Slow,Slow1,593,0,0,0,0,0,0
1593,182.0,Normal,normal.0,1043,7,0,0,0,0,7
1594,182.0,Normal,normal.1,1004,7,0,0,0,0,7
1595,182.0,Normal,normal.2,557,6,0,0,0,0,6
1596,182.0,Slow,s.0,589,0,0,0,0,0,0
1597,182.0,Slow,s.1,571,0,0,0,0,0,0
1598,182.0,Slow,s.2,399,0,0,0,0,0,0
1599,183.0,Dangerous,Dang.0,1037,27,38,6,35,2,108
1600,183.0,Dangerous,Dang.1,1027,16,23,7,24,1,71
1601,183.0,Dangerous,Dang.2,565,20,9,6,68,0,103
1602,183.0,Dangerous,Danger1,541,15,8,0,0,0,23
1603,183.0,Normal,Normal1,1063,8,0,0,0,0,8
1604,183.0,Slow,Slow1,595,0,0,0,0,0,0
1605,183.0,Normal,normal.0,1044,7,0,0,0,0,7
1606,183.0,Normal,normal.1,1004,7,0,0,0,0,7
1607,183.0,Normal,normal.2,560,6,0,0,0,0,6
1608,183.0,Slow,s.0,589,0,0,0,0,0,0
1609,183.0,Slow,s.1,571,0,0,0,0,0,0
1610,183.0,Slow,s.2,406,0,0,0,0,0,0
1611,184.0,Dangerous,Dang.0,1043,27,38,6,35,2,108
1612,184.0,Dangerous,Dang.1,1028,16,23,7,24,1,71
1613,184.0,Dangerous,Dang.2,565,20,9,6,69,0,104
1614,184.0,Dangerous,Danger1,545,15,9,0,0,0,24
1615,184.0,Normal,Normal1,1071,8,0,0,0,0,8
1616,184.0,Slow,Slow1,598,0,0,0,0,0,0
1617,184.0,Normal,normal.0,1046,7,0,0,0,0,7
1618,184.0,Normal,normal.1,1004,7,0,0,0,0,7
1619,184.0,Normal,normal.2,563,6,0,0,0,0,6
1620,184.0,Slow,s.0,590,0,0,0,0,0,0
1621,184.0,Slow,s.1,571,0,0,0,0,0,0
1622,184.0,Slow,s.2,413,0,0,0,0,0,0
1623,185.0,Dangerous,Dang.0,1050,27,39,6,35,2,109
1624,185.0,Dangerous,Dang.1,1031,16,24,7,24,1,72
1625,185.0,Dangerous,Dang.2,565,20,9,6,70,0,105
1626,185.0,Dangerous,Danger1,547,15,10,0,1,0,26
1627,185.0,Normal,Normal1,1080,8,0,0,0,0,8
1628,185.0,Slow,Slow1,602,0,0,0,0,0,0
1629,185.0,Normal,normal.0,1050,7,0,0,0,0,7
1630,185.0,Normal,normal.1,1004,7,0,0,0,0,7
1631,185.0,Normal,normal.2,565,6,0,0,0,0,6
1632,185.0,Slow,s.0,592,0,0,0,0,0,0
1633,185.0,Slow,s.1,572,0,0,0,0,0,0
1634,185.0,Slow,s.2,420,0,0,0,0,0,0
1635,186.0,Dangerous,Dang.0,1060,27,39,6,35,2,109
1636,186.0,Dangerous,Dang.1,1035,16,25,7,24,1,73
1637,186.0,Dangerous,Dang.2,565,20,9,6,71,0,106
1638,186.0,Dangerous,Danger1,548,15,11,0,2,0,28
1639,186.0,Slow,Slow1,607,0,0,0,0,0,0
1640,186.0,Normal,normal.0,1056,7,0,0,0,0,7
1641,186.0,Normal,normal.1,1006,7,0,0,0,0,7
1642,186.0,Normal,normal.2,566,6,0,0,0,0,6
1643,186.0,Slow,s.0,594,0,0,0,0,0,0
1644,186.0,Slow,s.1,572,0,0,0,0,0,0
1645,186.0,Slow,s.2,427,0,0,0,0,0,0
1646,187.0,Dangerous,Dang.1,1041,16,26,7,24,1,74
1647,187.0,Dangerous,Dang.2,565,20,9,6,71,0,106
1648,187.0,Dangerous,Danger1,550,15,12,0,3,0,30
1649,187.0,Slow,Slow1,612,0,0,0,0,0,0
1650,187.0,Normal,normal.0,1062,7,0,0,0,0,7
1651,187.0,Normal,normal.1,1008,7,0,0,0,0,7
1652,187.0,Normal,normal.2,567,6,0,0,0,0,6
1653,187.0,Slow,s.0,596,0,0,0,0,0,0
1654,187.0,Slow,s.1,574,0,0,0,0,0,0
1655,187.0,Slow,s.2,434,0,0,0,0,0,0
1656,188.0,Dangerous,Dang.1,1047,17,26,7,24,1,75
1657,188.0,Dangerous,Dang.2,568,20,10,6,72,0,108
1658,188.0,Dangerous,Danger1,551,15,13,0,4,0,32
1659,188.0,Slow,Slow1,616,0,0,0,0,0,0
1660,188.0,Normal,normal.0,1070,7,0,0,0,0,7
1661,188.0,Normal,normal.1,1012,7,0,0,0,0,7
1662,188.0,Normal,normal.2,567,6,0,0,0,0,6
1663,188.0,Slow,s.0,598,0,0,0,0,0,0
1664,188.0,Slow,s.1,575,0,0,0,0,0,0
1665,188.0,Slow,s.2,442,0,0,0,0,0,0
1666,189.0,Dangerous,Dang.1,1054,17,26,7,24,1,75
1667,189.0,Dangerous,Dang.2,569,20,11,6,73,0,110
1668,189.0,Dangerous,Danger1,551,15,13,0,5,0,33
1669,189.0,Slow,Slow1,620,0,0,0,0,0,0
1670,189.0,Normal,normal.0,1079,7,0,0,0,0,7
1671,189.0,Normal,normal.1,1017,7,0,0,0,0,7
1672,189.0,Normal,normal.2,569,6,0,0,0,0,6
1673,189.0,Slow,s.0,599,0,0,0,0,0,0
1674,189.0,Slow,s.1,576,0,0,0,0,0,0
1675,189.0,Slow,s.2,450,0,0,0,0,0,0
1676,190.0,Dangerous,Dang.1,1061,17,26,7,24,1,75
1677,190.0,Dangerous,Dang.2,571,20,12,6,74,0,112
1678,190.0,Dangerous,Danger1,552,15,13,0,5,0,33
1679,190.0,Slow,Slow1,624,0,0,0,0,0,0
1680,190.0,Normal,normal.0,1090,7,0,0,0,0,7
1681,190.0,Normal,normal.1,1023,7,0,0,0,0,7
1682,190.0,Normal,normal.2,570,6,0,0,0,0,6
1683,190.0,Slow,s.0,601,0,0,0,0,0,0
1684,190.0,Slow,s.1,578,0,0,0,0,0,0
1685,190.0,Slow,s.2,458,0,0,0,0,0,0
1686,191.0,Dangerous,Dang.1,1071,17,26,7,24,1,75
1687,191.0,Dangerous,Dang.2,573,20,13,6,75,0,114
1688,191.0,Dangerous,Danger1,554,15,13,0,5,0,33
1689,191.0,Slow,Slow1,626,0,0,0,0,0,0
1690,191.0,Normal,normal.1,1030,7,0,0,0,0,7
1691,191.0,Normal,normal.2,572,6,0,0,0,0,6
1692,191.0,Slow,s.0,604,0,0,0,0,0,0
1693,191.0,Slow,s.1,579,0,0,0,0,0,0
1694,191.0,Slow,s.2,466,0,0,0,0,0,0
1695,192.0,Dangerous,Dang.2,574,20,13,6,76,0,115
1696,192.0,Dangerous,Danger1,555,15,13,0,5,0,33
1697,192.0,Slow,Slow1,628,0,0,0,0,0,0
1698,192.0,Normal,normal.1,1037,8,0,0,0,0,8
1699,192.0,Normal,normal.2,574,6,0,0,0,0,6
1700,192.0,Slow,s.0,607,0,0,0,0,0,0
1701,192.0,Slow,s.1,581,0,0,0,0,0,0
1702,192.0,Slow,s.2,475,0,0,0,0,0,0
1703,193.0,Dangerous,Dang.2,576,20,13,6,76,0,115
1704,193.0,Dangerous,Danger1,557,15,13,0,5,0,33
1705,193.0,Slow,Slow1,630,0,0,0,0,0,0
1706,193.0,Normal,normal.1,1045,8,0,0,0,0,8
1707,193.0,Normal,normal.2,575,6,0,0,0,0,6
1708,193.0,Slow,s.0,611,0,0,0,0,0,0
1709,193.0,Slow,s.1,584,0,0,0,0,0,0
1710,193.0,Slow,s.2,483,0,0,0,0,0,0
1711,194.0,Dangerous,Dang.2,578,20,14,6,76,0,116
1712,194.0,Dangerous,Danger1,558,15,13,0,5,0,33
1713,194.0,Slow,Slow1,632,0,0,0,0,0,0
1714,194.0,Normal,normal.1,1055,8,0,0,0,0,8
1715,194.0,Normal,normal.2,577,6,0,0,0,0,6
1716,194.0,Slow,s.0,616,0,0,0,0,0,0
1717,194.0,Slow,s.1,586,0,0,0,0,0,0
1718,194.0,Slow,s.2,492,0,0,0,0,0,0
1719,195.0,Dangerous,Dang.2,580,20,14,6,76,0,116
1720,195.0,Dangerous,Danger1,560,15,13,0,5,0,33
1721,195.0,Slow,Slow1,636,0,0,0,0,0,0
1722,195.0,Normal,normal.2,579,6,0,0,0,0,6
1723,195.0,Slow,s.0,620,0,0,0,0,0,0
1724,195.0,Slow,s.1,587,0,0,0,0,0,0
1725,195.0,Slow,s.2,500,0,0,0,0,0,0
1726,196.0,Dangerous,Dang.2,582,20,14,6,76,0,116
1727,196.0,Dangerous,Danger1,562,15,14,0,5,0,34
1728,196.0,Slow,Slow1,640,0,0,0,0,0,0
1729,196.0,Normal,normal.2,581,6,0,0,0,0,6
1730,196.0,Slow,s.0,625,0,0,0,0,0,0
1731,196.0,Slow,s.1,588,0,0,0,0,0,0
1732,196.0,Slow,s.2,508,0,0,0,0,0,0
1733,197.0,Dangerous,Dang.2,583,20,14,6,76,0,116
1734,197.0,Dangerous,Danger1,564,15,15,0,5,0,35
1735,197.0,Slow,Slow1,646,0,0,0,0,0,0
1736,197.0,Normal,normal.2,583,6,0,0,0,0,6
1737,197.0,Slow,s.0,628,0,0,0,0,0,0
1738,197.0,Slow,s.1,590,0,0,0,0,0,0
1739,197.0,Slow,s.2,516,0,0,0,0,0,0
1740,198.0,Dangerous,Dang.2,585,20,14,6,76,0,116
1741,198.0,Dangerous,Danger1,566,15,15,0,5,0,35
1742,198.0,Slow,Slow1,652,0,0,0,0,0,0
1743,198.0,Normal,normal.2,584,6,0,0,0,0,6
1744,198.0,Slow,s.0,631,0,0,0,0,0,0
1745,198.0,Slow,s.1,593,0,0,0,0,0,0
1746,198.0,Slow,s.2,524,0,0,0,0,0,0
1747,199.0,Dangerous,Dang.2,588,20,14,6,76,0,116
1748,199.0,Dangerous,Danger1,567,15,15,0,5,0,35
1749,199.0,Slow,Slow1,658,0,0,0,0,0,0
1750,199.0,Normal,normal.2,586,6,0,0,0,0,6
1751,199.0,Slow,s.0,633,0,0,0,0,0,0
1752,199.0,Slow,s.1,597,0,0,0,0,0,0
1753,199.0,Slow,s.2,532,0,0,0,0,0,0
1754,200.0,Dangerous,Dang.2,592,20,14,6,76,0,116
1755,200.0,Dangerous,Danger1,569,15,15,0,5,0,35
1756,200.0,Slow,Slow1,666,0,0,0,0,0,0
1757,200.0,Normal,normal.2,588,6,0,0,0,0,6
1758,200.0,Slow,s.0,635,0,0,0,0,0,0
1759,200.0,Slow,s.1,601,0,0,0,0,0,0
1760,200.0,Slow,s.2,539,0,0,0,0,0,0
1761,201.0,Dangerous,Dang.2,596,20,15,6,76,0,117
1762,201.0,Dangerous,Danger1,572,15,16,0,5,0,36
1763,201.0,Slow,Slow1,673,0,0,0,0,0,0
1764,201.0,Normal,normal.2,591,6,0,0,0,0,6
1765,201.0,Slow,s.0,636,0,0,0,0,0,0
1766,201.0,Slow,s.1,605,0,0,0,0,0,0
1767,201.0,Slow,s.2,546,0,0,0,0,0,0
1768,202.0,Dangerous,Dang.2,600,20,15,6,76,0,117
1769,202.0,Dangerous,Danger1,575,15,17,0,5,0,37
1770,202.0,Slow,Slow1,681,0,0,0,0,0,0
1771,202.0,Normal,normal.2,593,6,0,0,0,0,6
1772,202.0,Slow,s.0,638,0,0,0,0,0,0
1773,202.0,Slow,s.1,608,0,0,0,0,0,0
1774,202.0,Slow,s.2,552,0,0,0,0,0,0
1775,203.0,Dangerous,Dang.2,603,20,15,6,76,0,117
1776,203.0,Dangerous,Danger1,577,15,18,0,5,0,38
1777,203.0,Slow,Slow1,689,0,0,0,0,0,0
1778,203.0,Normal,normal.2,596,6,0,0,0,0,6
1779,203.0,Slow,s.0,641,0,0,0,0,0,0
1780,203.0,Slow,s.1,612,0,0,0,0,0,0
1781,203.0,Slow,s.2,559,0,0,0,0,0,0
1782,204.0,Dangerous,Dang.2,611,20,15,6,76,0,117
1783,204.0,Dangerous,Danger1,580,15,18,0,5,0,38
1784,204.0,Slow,Slow1,697,0,0,0,0,0,0
1785,204.0,Normal,normal.2,598,6,0,0,0,0,6
1786,204.0,Slow,s.0,645,0,0,0,0,0,0
1787,204.0,Slow,s.1,616,0,0,0,0,0,0
1788,204.0,Slow,s.2,564,0,0,0,0,0,0
1789,205.0,Dangerous,Dang.2,618,20,15,6,76,0,117
1790,205.0,Dangerous,Danger1,582,15,18,0,5,0,38
1791,205.0,Slow,Slow1,705,0,0,0,0,0,0
1792,205.0,Normal,normal.2,601,6,0,0,0,0,6
1793,205.0,Slow,s.0,650,0,0,0,0,0,0
1794,205.0,Slow,s.1,619,0,0,0,0,0,0
1795,205.0,Slow,s.2,569,0,0,0,0,0,0
1796,206.0,Dangerous,Dang.2,623,20,15,6,76,0,117
1797,206.0,Dangerous,Danger1,586,15,19,0,5,0,39
1798,206.0,Slow,Slow1,713,0,0,0,0,0,0
1799,206.0,Normal,normal.2,607,6,0,0,0,0,6
1800,206.0,Slow,s.0,656,0,0,0,0,0,0
1801,206.0,Slow,s.1,622,0,0,0,0,0,0
1802,206.0,Slow,s.2,574,0,0,0,0,0,0
1803,207.0,Dangerous,Dang.2,625,20,15,6,76,0,117
1804,207.0,Dangerous,Danger1,587,15,19,0,5,1,40
1805,207.0,Slow,Slow1,721,0,0,0,0,0,0
1806,207.0,Normal,normal.2,613,6,0,0,0,0,6
1807,207.0,Slow,s.0,662,0,0,0,0,0,0
1808,207.0,Slow,s.1,624,0,0,0,0,0,0
1809,207.0,Slow,s.2,578,0,0,0,0,0,0
1810,208.0,Dangerous,Dang.2,631,20,15,6,76,0,117
1811,208.0,Dangerous,Danger1,592,15,19,0,5,1,40
1812,208.0,Slow,Slow1,729,0,0,0,0,0,0
1813,208.0,Normal,normal.2,618,6,0,0,0,0,6
1814,208.0,Slow,s.0,668,0,0,0,0,0,0
1815,208.0,Slow,s.1,625,0,0,0,0,0,0
1816,208.0,Slow,s.2,582,0,0,0,0,0,0
1817,209.0,Dangerous,Dang.2,640,20,15,6,76,0,117
1818,209.0,Dangerous,Danger1,599,15,19,0,5,1,40
1819,209.0,Slow,Slow1,737,0,0,0,0,0,0
1820,209.0,Normal,normal.2,624,6,0,0,0,0,6
1821,209.0,Slow,s.0,675,0,0,0,0,0,0
1822,209.0,Slow,s.1,627,0,0,0,0,0,0
1823,209.0,Slow,s.2,585,0,0,0,0,0,0
1824,210.0,Dangerous,Dang.2,651,20,15,6,76,0,117
1825,210.0,Dangerous,Danger1,606,15,19,0,5,1,40
1826,210.0,Slow,Slow1,745,0,0,0,0,0,0
1827,210.0,Normal,normal.2,628,6,0,0,0,0,6
1828,210.0,Slow,s.0,682,0,0,0,0,0,0
1829,210.0,Slow,s.1,631,0,0,0,0,0,0
1830,210.0,Slow,s.2,588,0,0,0,0,0,0
1831,211.0,Dangerous,Dang.2,666,21,15,6,76,0,118
1832,211.0,Dangerous,Danger1,615,15,19,0,5,1,40
1833,211.0,Slow,Slow1,753,0,0,0,0,0,0
1834,211.0,Normal,normal.2,632,6,0,0,0,0,6
1835,211.0,Slow,s.0,689,0,0,0,0,0,0
1836,211.0,Slow,s.1,635,0,0,0,0,0,0
1837,211.0,Slow,s.2,590,0,0,0,0,0,0
1838,212.0,Dangerous,Dang.2,682,22,15,6,76,0,119
1839,212.0,Dangerous,Danger1,621,15,19,0,5,1,40
1840,212.0,Slow,Slow1,761,0,0,0,0,0,0
1841,212.0,Normal,normal.2,634,6,0,0,0,0,6
1842,212.0,Slow,s.0,696,0,0,0,0,0,0
1843,212.0,Slow,s.1,640,0,0,0,0,0,0
1844,212.0,Slow,s.2,592,0,0,0,0,0,0
1845,213.0,Dangerous,Dang.2,698,23,15,6,76,0,120
1846,213.0,Dangerous,Danger1,624,15,19,0,5,1,40
1847,213.0,Slow,Slow1,768,0,0,0,0,0,0
1848,213.0,Normal,normal.2,636,6,0,0,0,0,6
1849,213.0,Slow,s.0,703,0,0,0,0,0,0
1850,213.0,Slow,s.1,646,0,0,0,0,0,0
1851,213.0,Slow,s.2,593,0,0,0,0,0,0
1852,214.0,Dangerous,Dang.2,715,24,15,6,76,0,121
1853,214.0,Dangerous,Danger1,624,15,19,0,5,2,41
1854,214.0,Slow,Slow1,776,0,0,0,0,0,0
1855,214.0,Normal,normal.2,639,6,0,0,0,0,6
1856,214.0,Slow,s.0,710,0,0,0,0,0,0
1857,214.0,Slow,s.1,652,0,0,0,0,0,0
1858,214.0,Slow,s.2,594,0,0,0,0,0,0
1859,215.0,Dangerous,Dang.2,732,25,15,6,76,0,122
1860,215.0,Dangerous,Danger1,628,15,19,0,5,2,41
1861,215.0,Slow,Slow1,783,0,0,0,0,0,0
1862,215.0,Normal,normal.2,645,6,0,0,0,0,6
1863,215.0,Slow,s.0,717,0,0,0,0,0,0
1864,215.0,Slow,s.1,659,0,0,0,0,0,0
1865,215.0,Slow,s.2,594,0,0,0,0,0,0
1866,216.0,Dangerous,Dang.2,748,26,15,6,76,0,123
1867,216.0,Dangerous,Danger1,635,15,19,0,5,2,41
1868,216.0,Slow,Slow1,790,0,0,0,0,0,0
1869,216.0,Normal,normal.2,652,6,0,0,0,0,6
1870,216.0,Slow,s.0,724,0,0,0,0,0,0
1871,216.0,Slow,s.1,666,0,0,0,0,0,0
1872,216.0,Slow,s.2,595,0,0,0,0,0,0
1873,217.0,Dangerous,Dang.2,763,27,15,6,76,0,124
1874,217.0,Dangerous,Danger1,645,15,19,0,5,2,41
1875,217.0,Slow,Slow1,798,0,0,0,0,0,0
1876,217.0,Normal,normal.2,661,6,0,0,0,0,6
1877,217.0,Slow,s.0,731,0,0,0,0,0,0
1878,217.0,Slow,s.1,673,0,0,0,0,0,0
1879,217.0,Slow,s.2,595,0,0,0,0,0,0
1880,218.0,Dangerous,Dang.2,777,27,15,6,76,0,124
1881,218.0,Dangerous,Danger1,656,15,19,0,5,2,41
1882,218.0,Slow,Slow1,805,0,0,0,0,0,0
1883,218.0,Normal,normal.2,671,6,0,0,0,0,6
1884,218.0,Slow,s.0,738,0,0,0,0,0,0
1885,218.0,Slow,s.1,681,0,0,0,0,0,0
1886,218.0,Slow,s.2,595,0,0,0,0,0,0
1887,219.0,Dangerous,Dang.2,788,27,15,6,76,0,124
1888,219.0,Dangerous,Danger1,668,15,20,0,5,2,42
1889,219.0,Slow,Slow1,813,0,0,0,0,0,0
1890,219.0,Normal,normal.2,682,6,0,0,0,0,6
1891,219.0,Slow,s.0,745,0,0,0,0,0,0
1892,219.0,Slow,s.1,688,0,0,0,0,0,0
1893,219.0,Slow,s.2,595,0,0,0,0,0,0
1894,220.0,Dangerous,Dang.2,797,27,15,6,76,0,124
1895,220.0,Dangerous,Danger1,678,15,21,0,5,2,43
1896,220.0,Slow,Slow1,820,0,0,0,0,0,0
1897,220.0,Normal,normal.2,694,6,0,0,0,0,6
1898,220.0,Slow,s.0,752,0,0,0,0,0,0
1899,220.0,Slow,s.1,696,0,0,0,0,0,0
1900,220.0,Slow,s.2,595,0,0,0,0,0,0
1901,221.0,Dangerous,Dang.2,807,27,15,6,76,0,124
1902,221.0,Dangerous,Danger1,688,15,22,0,5,2,44
1903,221.0,Slow,Slow1,828,0,0,0,0,0,0
1904,221.0,Normal,normal.2,706,6,0,0,0,0,6
1905,221.0,Slow,s.0,759,0,0,0,0,0,0
1906,221.0,Slow,s.1,703,0,0,0,0,0,0
1907,221.0,Slow,s.2,595,0,0,0,0,0,0
1908,222.0,Dangerous,Dang.2,817,28,15,6,76,0,125
1909,222.0,Dangerous,Danger1,697,15,23,0,5,2,45
1910,222.0,Slow,Slow1,835,0,0,0,0,0,0
1911,222.0,Normal,normal.2,719,6,0,0,0,0,6
1912,222.0,Slow,s.0,766,0,0,0,0,0,0
1913,222.0,Slow,s.1,711,0,0,0,0,0,0
1914,222.0,Slow,s.2,596,0,0,0,0,0,0
1915,223.0,Dangerous,Dang.2,827,28,15,6,76,0,125
1916,223.0,Dangerous,Danger1,705,15,24,0,5,2,46
1917,223.0,Slow,Slow1,843,0,0,0,0,0,0
1918,223.0,Normal,normal.2,732,6,0,0,0,0,6
1919,223.0,Slow,s.0,772,0,0,0,0,0,0
1920,223.0,Slow,s.1,718,0,0,0,0,0,0
1921,223.0,Slow,s.2,596,0,0,0,0,0,0
1922,224.0,Dangerous,Dang.2,840,28,15,6,76,0,125
1923,224.0,Dangerous,Danger1,713,15,25,0,5,2,47
1924,224.0,Slow,Slow1,850,0,0,0,0,0,0
1925,224.0,Normal,normal.2,744,6,0,0,0,0,6
1926,224.0,Slow,s.0,779,0,0,0,0,0,0
1927,224.0,Slow,s.1,726,0,0,0,0,0,0
1928,224.0,Slow,s.2,596,0,0,0,0,0,0
1929,225.0,Dangerous,Dang.2,851,28,15,6,76,0,125
1930,225.0,Dangerous,Danger1,721,15,26,0,5,2,48
1931,225.0,Slow,Slow1,858,0,0,0,0,0,0
1932,225.0,Normal,normal.2,756,6,0,0,0,0,6
1933,225.0,Slow,s.0,786,0,0,0,0,0,0
1934,225.0,Slow,s.1,733,0,0,0,0,0,0
1935,225.0,Slow,s.2,596,0,0,0,0,0,0
1936,226.0,Dangerous,Dang.2,859,29,15,6,76,0,126
1937,226.0,Dangerous,Danger1,729,15,27,0,5,2,49
1938,226.0,Slow,Slow1,865,0,0,0,0,0,0
1939,226.0,Normal,normal.2,768,6,0,0,0,0,6
1940,226.0,Slow,s.0,792,0,0,0,0,0,0
1941,226.0,Slow,s.1,741,0,0,0,0,0,0
1942,226.0,Slow,s.2,596,0,0,0,0,0,0
1943,227.0,Dangerous,Dang.2,869,29,15,6,76,0,126
1944,227.0,Dangerous,Danger1,737,15,28,0,5,2,50
1945,227.0,Slow,Slow1,873,0,0,0,0,0,0
1946,227.0,Normal,normal.2,779,6,0,0,0,0,6
1947,227.0,Slow,s.0,798,0,0,0,0,0,0
1948,227.0,Slow,s.1,748,0,0,0,0,0,0
1949,227.0,Slow,s.2,596,0,0,0,0,0,0
1950,228.0,Dangerous,Dang.2,882,29,15,6,76,0,126
1951,228.0,Dangerous,Danger1,744,15,29,0,5,2,51
1952,228.0,Slow,Slow1,880,0,0,0,0,0,0
1953,228.0,Normal,normal.2,788,6,0,0,0,0,6
1954,228.0,Slow,s.0,805,0,0,0,0,0,0
1955,228.0,Slow,s.1,755,0,0,0,0,0,0
1956,228.0,Slow,s.2,596,0,0,0,0,0,0
1957,229.0,Dangerous,Dang.2,897,30,15,6,76,0,127
1958,229.0,Dangerous,Danger1,751,15,30,0,5,2,52
1959,229.0,Slow,Slow1,888,0,0,0,0,0,0
1960,229.0,Normal,normal.2,797,6,0,0,0,0,6
1961,229.0,Slow,s.0,811,0,0,0,0,0,0
1962,229.0,Slow,s.1,763,0,0,0,0,0,0
1963,229.0,Slow,s.2,596,0,0,0,0,0,0
1964,230.0,Dangerous,Dang.2,914,31,15,6,76,0,128
1965,230.0,Dangerous,Danger1,759,15,31,0,5,2,53
1966,230.0,Slow,Slow1,895,0,0,0,0,0,0
1967,230.0,Normal,normal.2,804,6,0,0,0,0,6
1968,230.0,Slow,s.0,818,0,0,0,0,0,0
1969,230.0,Slow,s.1,770,0,0,0,0,0,0
1970,230.0,Slow,s.2,596,0,0,0,0,0,0
1971,231.0,Dangerous,Dang.2,930,32,15,6,76,0,129
1972,231.0,Dangerous,Danger1,766,15,32,0,5,2,54
1973,231.0,Slow,Slow1,903,0,0,0,0,0,0
1974,231.0,Normal,normal.2,813,6,0,0,0,0,6
1975,231.0,Slow,s.0,825,0,0,0,0,0,0
1976,231.0,Slow,s.1,777,0,0,0,0,0,0
1977,231.0,Slow,s.2,596,0,0,0,0,0,0
1978,232.0,Dangerous,Dang.2,947,33,15,6,76,0,130
1979,232.0,Dangerous,Danger1,773,15,33,0,5,2,55
1980,232.0,Slow,Slow1,911,0,0,0,0,0,0
1981,232.0,Normal,normal.2,821,6,0,0,0,0,6
1982,232.0,Slow,s.0,831,0,0,0,0,0,0
1983,232.0,Slow,s.1,784,0,0,0,0,0,0
1984,232.0,Slow,s.2,596,0,0,0,0,0,0
1985,233.0,Dangerous,Dang.2,963,34,15,6,76,0,131
1986,233.0,Dangerous,Danger1,781,15,34,0,5,2,56
1987,233.0,Slow,Slow1,919,0,0,0,0,0,0
1988,233.0,Normal,normal.2,829,7,0,0,0,0,7
1989,233.0,Slow,s.0,838,0,0,0,0,0,0
1990,233.0,Slow,s.1,792,0,0,0,0,0,0
1991,233.0,Slow,s.2,596,0,0,0,0,0,0
1992,234.0,Dangerous,Dang.2,978,35,15,6,76,0,132
1993,234.0,Dangerous,Danger1,788,15,35,0,5,2,57
1994,234.0,Slow,Slow1,927,0,0,0,0,0,0
1995,234.0,Normal,normal.2,837,7,0,0,0,0,7
1996,234.0,Slow,s.0,844,0,0,0,0,0,0
1997,234.0,Slow,s.1,799,0,0,0,0,0,0
1998,234.0,Slow,s.2,596,0,0,0,0,0,0
1999,235.0,Dangerous,Dang.2,993,35,15,6,76,0,132
2000,235.0,Dangerous,Danger1,795,15,36,0,5,2,58
2001,235.0,Slow,Slow1,935,0,0,0,0,0,0
2002,235.0,Normal,normal.2,845,7,0,0,0,0,7
2003,235.0,Slow,s.0,851,0,0,0,0,0,0
2004,235.0,Slow,s.1,806,0,0,0,0,0,0
2005,235.0,Slow,s.2,596,0,0,0,0,0,0
2006,236.0,Dangerous,Dang.2,1005,35,15,6,76,0,132
2007,236.0,Dangerous,Danger1,802,15,37,0,5,2,59
2008,236.0,Slow,Slow1,943,0,0,0,0,0,0
2009,236.0,Normal,normal.2,853,7,0,0,0,0,7
2010,236.0,Slow,s.0,857,0,0,0,0,0,0
2011,236.0,Slow,s.1,813,0,0,0,0,0,0
2012,236.0,Slow,s.2,596,0,0,0,0,0,0
2013,237.0,Dangerous,Dang.2,1015,35,15,6,76,0,132
2014,237.0,Dangerous,Danger1,809,15,37,0,5,2,59
2015,237.0,Slow,Slow1,951,0,0,0,0,0,0
2016,237.0,Normal,normal.2,861,7,0,0,0,0,7
2017,237.0,Slow,s.0,864,0,0,0,0,0,0
2018,237.0,Slow,s.1,820,0,0,0,0,0,0
2019,237.0,Slow,s.2,596,0,0,0,0,0,0
2020,238.0,Dangerous,Dang.2,1021,35,15,6,76,0,132
2021,238.0,Dangerous,Danger1,816,15,37,0,5,2,59
2022,238.0,Slow,Slow1,959,0,0,0,0,0,0
2023,238.0,Normal,normal.2,869,8,0,0,0,0,8
2024,238.0,Slow,s.0,870,0,0,0,0,0,0
2025,238.0,Slow,s.1,827,0,0,0,0,0,0
2026,238.0,Slow,s.2,596,0,0,0,0,0,0
2027,239.0,Dangerous,Dang.2,1025,35,15,6,76,0,132
2028,239.0,Dangerous,Danger1,823,15,38,0,5,2,60
2029,239.0,Slow,Slow1,967,0,0,0,0,0,0
2030,239.0,Normal,normal.2,877,9,0,0,0,0,9
2031,239.0,Slow,s.0,877,0,0,0,0,0,0
2032,239.0,Slow,s.1,833,0,0,0,0,0,0
2033,239.0,Slow,s.2,596,0,0,0,0,0,0
2034,240.0,Dangerous,Dang.2,1026,35,15,6,76,1,133
2035,240.0,Dangerous,Danger1,829,15,38,0,5,2,60
2036,240.0,Slow,Slow1,975,0,0,0,0,0,0
2037,240.0,Normal,normal.2,885,9,0,0,0,0,9
2038,240.0,Slow,s.0,884,0,0,0,0,0,0
2039,240.0,Slow,s.1,840,0,0,0,0,0,0
2040,240.0,Slow,s.2,596,0,0,0,0,0,0
2041,241.0,Dangerous,Dang.2,1029,35,15,6,76,1,133
2042,241.0,Dangerous,Danger1,836,15,39,0,5,2,61
2043,241.0,Slow,Slow1,983,0,0,0,0,0,0
2044,241.0,Normal,normal.2,895,9,0,0,0,0,9
2045,241.0,Slow,s.0,890,0,0,0,0,0,0
2046,241.0,Slow,s.1,847,0,0,0,0,0,0
2047,241.0,Slow,s.2,596,0,0,0,0,0,0
2048,242.0,Dangerous,Dang.2,1031,35,15,6,76,1,133
2049,242.0,Dangerous,Danger1,843,15,40,0,5,2,62
2050,242.0,Slow,Slow1,990,0,0,0,0,0,0
2051,242.0,Normal,normal.2,906,9,0,0,0,0,9
2052,242.0,Slow,s.0,897,0,0,0,0,0,0
2053,242.0,Slow,s.1,854,0,0,0,0,0,0
2054,242.0,Slow,s.2,596,0,0,0,0,0,0
2055,243.0,Dangerous,Dang.2,1031,35,15,6,76,1,133
2056,243.0,Dangerous,Danger1,849,15,41,0,5,2,63
2057,243.0,Slow,Slow1,998,0,0,0,0,0,0
2058,243.0,Normal,normal.2,917,9,0,0,0,0,9
2059,243.0,Slow,s.0,904,0,0,0,0,0,0
2060,243.0,Slow,s.1,860,0,0,0,0,0,0
2061,243.0,Slow,s.2,596,0,0,0,0,0,0
2062,244.0,Dangerous,Dang.2,1031,35,15,6,76,1,133
2063,244.0,Dangerous,Danger1,856,15,41,0,5,2,63
2064,244.0,Slow,Slow1,1005,0,0,0,0,0,0
2065,244.0,Normal,normal.2,929,9,0,0,0,0,9
2066,244.0,Slow,s.0,910,0,0,0,0,0,0
2067,244.0,Slow,s.1,867,0,0,0,0,0,0
2068,244.0,Slow,s.2,596,0,0,0,0,0,0
2069,245.0,Dangerous,Dang.2,1031,35,15,6,76,1,133
2070,245.0,Dangerous,Danger1,863,15,41,0,5,2,63
2071,245.0,Slow,Slow1,1012,0,0,0,0,0,0
2072,245.0,Normal,normal.2,941,9,0,0,0,0,9
2073,245.0,Slow,s.0,917,0,0,0,0,0,0
2074,245.0,Slow,s.1,874,0,0,0,0,0,0
2075,245.0,Slow,s.2,596,0,0,0,0,0,0
2076,246.0,Dangerous,Dang.2,1031,35,15,6,76,1,133
2077,246.0,Dangerous,Danger1,870,15,42,0,5,2,64
2078,246.0,Slow,Slow1,1018,0,0,0,0,0,0
2079,246.0,Normal,normal.2,953,9,0,0,0,0,9
2080,246.0,Slow,s.0,924,0,0,0,0,0,0
2081,246.0,Slow,s.1,881,0,0,0,0,0,0
2082,246.0,Slow,s.2,596,0,0,0,0,0,0
2083,247.0,Dangerous,Dang.2,1031,35,15,6,76,1,133
2084,247.0,Dangerous,Danger1,877,15,42,0,5,2,64
2085,247.0,Slow,Slow1,1023,0,0,0,0,0,0
2086,247.0,Normal,normal.2,965,9,0,0,0,0,9
2087,247.0,Slow,s.0,931,0,0,0,0,0,0
2088,247.0,Slow,s.1,887,0,0,0,0,0,0
2089,247.0,Slow,s.2,596,0,0,0,0,0,0
2090,248.0,Dangerous,Dang.2,1031,35,15,6,76,1,133
2091,248.0,Dangerous,Danger1,883,15,42,0,5,2,64
2092,248.0,Slow,Slow1,1028,0,0,0,0,0,0
2093,248.0,Normal,normal.2,976,9,0,0,0,0,9
2094,248.0,Slow,s.0,938,0,0,0,0,0,0
2095,248.0,Slow,s.1,894,0,0,0,0,0,0
2096,248.0,Slow,s.2,596,0,0,0,0,0,0
2097,249.0,Dangerous,Dang.2,1031,35,15,6,76,1,133
2098,249.0,Dangerous,Danger1,890,15,43,0,5,2,65
2099,249.0,Slow,Slow1,1032,0,0,0,0,0,0
2100,249.0,Normal,normal.2,986,9,0,0,0,0,9
2101,249.0,Slow,s.0,945,0,0,0,0,0,0
2102,249.0,Slow,s.1,901,0,0,0,0,0,0
2103,249.0,Slow,s.2,596,0,0,0,0,0,0
2104,250.0,Dangerous,Dang.2,1031,35,15,6,76,1,133
2105,250.0,Dangerous,Danger1,897,15,44,0,5,2,66
2106,250.0,Slow,Slow1,1035,0,0,0,0,0,0
2107,250.0,Normal,normal.2,995,9,0,0,0,0,9
2108,250.0,Slow,s.0,952,0,0,0,0,0,0
2109,250.0,Slow,s.1,908,0,0,0,0,0,0
2110,250.0,Slow,s.2,596,0,0,0,0,0,0
2111,251.0,Dangerous,Dang.2,1031,35,15,6,76,1,133
2112,251.0,Dangerous,Danger1,904,15,45,0,5,2,67
2113,251.0,Slow,Slow1,1038,0,0,0,0,0,0
2114,251.0,Normal,normal.2,1002,9,0,0,0,0,9
2115,251.0,Slow,s.0,959,0,0,0,0,0,0
2116,251.0,Slow,s.1,915,0,0,0,0,0,0
2117,251.0,Slow,s.2,596,0,0,0,0,0,0
2118,252.0,Dangerous,Dang.2,1031,35,15,6,76,1,133
2119,252.0,Dangerous,Danger1,911,15,46,0,5,2,68
2120,252.0,Slow,Slow1,1040,0,0,0,0,0,0
2121,252.0,Normal,normal.2,1009,9,0,0,0,0,9
2122,252.0,Slow,s.0,966,0,0,0,0,0,0
2123,252.0,Slow,s.1,922,0,0,0,0,0,0
2124,252.0,Slow,s.2,596,0,0,0,0,0,0
2125,253.0,Dangerous,Dang.2,1031,35,15,6,76,1,133
2126,253.0,Dangerous,Danger1,918,15,47,0,5,2,69
2127,253.0,Slow,Slow1,1041,0,0,0,0,0,0
2128,253.0,Normal,normal.2,1013,9,0,0,0,0,9
2129,253.0,Slow,s.0,973,0,0,0,0,0,0
2130,253.0,Slow,s.1,929,0,0,0,0,0,0
2131,253.0,Slow,s.2,596,0,0,0,0,0,0
2132,254.0,Dangerous,Dang.2,1031,35,15,6,76,1,133
2133,254.0,Dangerous,Danger1,925,15,48,0,5,2,70
2134,254.0,Slow,Slow1,1042,0,0,0,0,0,0
2135,254.0,Normal,normal.2,1017,9,0,0,0,0,9
2136,254.0,Slow,s.0,979,0,0,0,0,0,0
2137,254.0,Slow,s.1,936,0,0,0,0,0,0
2138,254.0,Slow,s.2,596,0,0,0,0,0,0
2139,255.0,Dangerous,Dang.2,1031,35,15,6,76,1,133
2140,255.0,Dangerous,Danger1,932,15,49,0,5,2,71
2141,255.0,Slow,Slow1,1042,0,0,0,0,0,0
2142,255.0,Normal,normal.2,1020,9,0,0,0,0,9
2143,255.0,Slow,s.0,986,0,0,0,0,0,0
2144,255.0,Slow,s.1,943,0,0,0,0,0,0
2145,255.0,Slow,s.2,596,0,0,0,0,0,0
2146,256.0,Dangerous,Dang.2,1031,35,15,6,76,1,133
2147,256.0,Dangerous,Danger1,939,15,50,0,5,2,72
2148,256.0,Slow,Slow1,1043,0,0,0,0,0,0
2149,256.0,Normal,normal.2,1021,9,0,0,0,0,9
2150,256.0,Slow,s.0,992,0,0,0,0,0,0
2151,256.0,Slow,s.1,950,0,0,0,0,0,0
2152,256.0,Slow,s.2,596,0,0,0,0,0,0
2153,257.0,Dangerous,Dang.2,1031,35,15,6,76,1,133
2154,257.0,Dangerous,Danger1,946,15,51,0,5,2,73
2155,257.0,Slow,Slow1,1043,0,0,0,0,0,0
2156,257.0,Normal,normal.2,1023,9,0,0,0,0,9
2157,257.0,Slow,s.0,998,0,0,0,0,0,0
2158,257.0,Slow,s.1,957,0,0,0,0,0,0
2159,257.0,Slow,s.2,596,0,0,0,0,0,0
2160,258.0,Dangerous,Dang.2,1031,35,15,6,76,1,133
2161,258.0,Dangerous,Danger1,953,15,52,0,5,2,74
2162,258.0,Slow,Slow1,1043,0,0,0,0,0,0
2163,258.0,Normal,normal.2,1024,9,0,0,0,0,9
2164,258.0,Slow,s.0,1004,0,0,0,0,0,0
2165,258.0,Slow,s.1,964,0,0,0,0,0,0
2166,258.0,Slow,s.2,596,0,0,0,0,0,0
2167,259.0,Dangerous,Dang.2,1031,35,15,6,76,1,133
2168,259.0,Dangerous,Danger1,960,15,53,0,5,2,75
2169,259.0,Slow,Slow1,1044,0,0,0,0,0,0
2170,259.0,Normal,normal.2,1024,9,0,0,0,0,9
2171,259.0,Slow,s.0,1009,0,0,0,0,0,0
2172,259.0,Slow,s.1,970,0,0,0,0,0,0
2173,259.0,Slow,s.2,596,0,0,0,0,0,0
2174,260.0,Dangerous,Dang.2,1031,35,15,6,76,1,133
2175,260.0,Dangerous,Danger1,966,15,54,0,5,2,76
2176,260.0,Slow,Slow1,1044,0,0,0,0,0,0
2177,260.0,Normal,normal.2,1025,9,0,0,0,0,9
2178,260.0,Slow,s.0,1014,0,0,0,0,0,0
2179,260.0,Slow,s.1,977,0,0,0,0,0,0
2180,260.0,Slow,s.2,596,0,0,0,0,0,0
2181,261.0,Dangerous,Dang.2,1031,35,15,6,76,1,133
2182,261.0,Dangerous,Danger1,973,15,55,0,5,2,77
2183,261.0,Slow,Slow1,1044,0,0,0,0,0,0
2184,261.0,Normal,normal.2,1025,9,0,0,0,0,9
2185,261.0,Slow,s.0,1017,0,0,0,0,0,0
2186,261.0,Slow,s.1,983,0,0,0,0,0,0
2187,261.0,Slow,s.2,596,0,0,0,0,0,0
2188,262.0,Dangerous,Dang.2,1031,35,15,6,76,1,133
2189,262.0,Dangerous,Danger1,979,15,55,0,5,2,77
2190,262.0,Slow,Slow1,1044,0,0,0,0,0,0
2191,262.0,Normal,normal.2,1026,9,0,0,0,0,9
2192,262.0,Slow,s.0,1020,0,0,0,0,0,0
2193,262.0,Slow,s.1,989,0,0,0,0,0,0
2194,262.0,Slow,s.2,596,0,0,0,0,0,0
2195,263.0,Dangerous,Dang.2,1031,35,15,6,76,1,133
2196,263.0,Dangerous,Danger1,985,15,55,0,5,2,77
2197,263.0,Slow,Slow1,1044,0,0,0,0,0,0
2198,263.0,Normal,normal.2,1026,9,0,0,0,0,9
2199,263.0,Slow,s.0,1023,0,0,0,0,0,0
2200,263.0,Slow,s.1,994,0,0,0,0,0,0
2201,263.0,Slow,s.2,596,0,0,0,0,0,0
2202,264.0,Dangerous,Dang.2,1031,35,15,6,76,1,133
2203,264.0,Dangerous,Danger1,990,15,56,0,5,2,78
2204,264.0,Slow,Slow1,1044,0,0,0,0,0,0
2205,264.0,Normal,normal.2,1026,9,0,0,0,0,9
2206,264.0,Slow,s.0,1024,0,0,0,0,0,0
2207,264.0,Slow,s.1,999,0,0,0,0,0,0
2208,264.0,Slow,s.2,596,0,0,0,0,0,0
2209,265.0,Dangerous,Dang.2,1031,35,15,6,76,1,133
2210,265.0,Dangerous,Danger1,994,15,57,0,5,2,79
2211,265.0,Slow,Slow1,1044,0,0,0,0,0,0
2212,265.0,Normal,normal.2,1026,9,0,0,0,0,9
2213,265.0,Slow,s.0,1026,0,0,0,0,0,0
2214,265.0,Slow,s.1,1003,0,0,0,0,0,0
2215,265.0,Slow,s.2,596,0,0,0,0,0,0
2216,266.0,Dangerous,Dang.2,1031,35,15,6,76,1,133
2217,266.0,Dangerous,Danger1,998,15,58,0,5,2,80
2218,266.0,Slow,Slow1,1044,0,0,0,0,0,0
2219,266.0,Normal,normal.2,1026,9,0,0,0,0,9
2220,266.0,Slow,s.0,1026,0,0,0,0,0,0
2221,266.0,Slow,s.1,1006,0,0,0,0,0,0
2222,266.0,Slow,s.2,596,0,0,0,0,0,0
2223,267.0,Dangerous,Dang.2,1031,35,15,6,76,1,133
2224,267.0,Dangerous,Danger1,1001,15,59,0,6,2,82
2225,267.0,Slow,Slow1,1044,0,0,0,0,0,0
2226,267.0,Normal,normal.2,1026,9,0,0,0,0,9
2227,267.0,Slow,s.0,1027,0,0,0,0,0,0
2228,267.0,Slow,s.1,1008,0,0,0,0,0,0
2229,267.0,Slow,s.2,596,0,0,0,0,0,0
2230,268.0,Dangerous,Dang.2,1031,35,15,6,76,1,133
2231,268.0,Dangerous,Danger1,1003,15,60,0,7,2,84
2232,268.0,Slow,Slow1,1044,0,0,0,0,0,0
2233,268.0,Normal,normal.2,1026,9,0,0,0,0,9
2234,268.0,Slow,s.0,1028,0,0,0,0,0,0
2235,268.0,Slow,s.1,1010,0,0,0,0,0,0
2236,268.0,Slow,s.2,596,0,0,0,0,0,0
2237,269.0,Dangerous,Dang.2,1031,35,15,6,76,1,133
2238,269.0,Dangerous,Danger1,1005,15,61,0,8,2,86
2239,269.0,Slow,Slow1,1044,0,0,0,0,0,0
2240,269.0,Normal,normal.2,1026,9,0,0,0,0,9
2241,269.0,Slow,s.0,1028,0,0,0,0,0,0
2242,269.0,Slow,s.1,1012,0,0,0,0,0,0
2243,269.0,Slow,s.2,596,0,0,0,0,0,0
2244,270.0,Dangerous,Dang.2,1031,35,15,6,76,1,133
2245,270.0,Dangerous,Danger1,1006,15,62,0,9,2,88
2246,270.0,Slow,Slow1,1044,0,0,0,0,0,0
2247,270.0,Normal,normal.2,1026,9,0,0,0,0,9
2248,270.0,Slow,s.0,1028,0,0,0,0,0,0
2249,270.0,Slow,s.1,1013,0,0,0,0,0,0
2250,270.0,Slow,s.2,596,0,0,0,0,0,0
2251,271.0,Dangerous,Dang.2,1035,35,15,6,76,1,133
2252,271.0,Dangerous,Danger1,1007,15,63,0,10,2,90
2253,271.0,Slow,Slow1,1044,0,0,0,0,0,0
2254,271.0,Normal,normal.2,1026,9,0,0,0,0,9
2255,271.0,Slow,s.0,1028,0,0,0,0,0,0
2256,271.0,Slow,s.1,1014,0,0,0,0,0,0
2257,271.0,Slow,s.2,597,0,0,0,0,0,0
2258,272.0,Dangerous,Dang.2,1042,35,15,6,76,1,133
2259,272.0,Dangerous,Danger1,1008,15,63,0,11,2,91
2260,272.0,Slow,Slow1,1045,0,0,0,0,0,0
2261,272.0,Normal,normal.2,1026,9,0,0,0,0,9
2262,272.0,Slow,s.0,1029,0,0,0,0,0,0
2263,272.0,Slow,s.1,1014,0,0,0,0,0,0
2264,272.0,Slow,s.2,598,0,0,0,0,0,0
2265,273.0,Dangerous,Dang.2,1054,35,15,6,76,1,133
2266,273.0,Dangerous,Danger1,1009,15,63,0,12,2,92
2267,273.0,Slow,Slow1,1047,0,0,0,0,0,0
2268,273.0,Normal,normal.2,1027,9,0,0,0,0,9
2269,273.0,Slow,s.0,1029,0,0,0,0,0,0
2270,273.0,Slow,s.1,1015,0,0,0,0,0,0
2271,273.0,Slow,s.2,600,0,0,0,0,0,0
2272,274.0,Dangerous,Danger1,1009,15,63,0,13,2,93
2273,274.0,Slow,Slow1,1049,0,0,0,0,0,0
2274,274.0,Normal,normal.2,1028,9,0,0,0,0,9
2275,274.0,Slow,s.0,1029,0,0,0,0,0,0
2276,274.0,Slow,s.1,1015,0,0,0,0,0,0
2277,274.0,Slow,s.2,604,0,0,0,0,0,0
2278,275.0,Dangerous,Danger1,1009,15,63,0,14,2,94
2279,275.0,Slow,Slow1,1053,0,0,0,0,0,0
2280,275.0,Normal,normal.2,1029,9,0,0,0,0,9
2281,275.0,Slow,s.0,1029,0,0,0,0,0,0
2282,275.0,Slow,s.1,1015,0,0,0,0,0,0
2283,275.0,Slow,s.2,608,0,0,0,0,0,0
2284,276.0,Dangerous,Danger1,1010,15,63,0,15,2,95
2285,276.0,Slow,Slow1,1057,0,0,0,0,0,0
2286,276.0,Normal,normal.2,1032,9,0,0,0,0,9
2287,276.0,Slow,s.0,1030,0,0,0,0,0,0
2288,276.0,Slow,s.1,1016,0,0,0,0,0,0
2289,276.0,Slow,s.2,612,0,0,0,0,0,0
2290,277.0,Dangerous,Danger1,1010,15,63,0,16,2,96
2291,277.0,Slow,Slow1,1062,0,0,0,0,0,0
2292,277.0,Normal,normal.2,1035,9,0,0,0,0,9
2293,277.0,Slow,s.0,1032,0,0,0,0,0,0
2294,277.0,Slow,s.1,1016,0,0,0,0,0,0
2295,277.0,Slow,s.2,617,0,0,0,0,0,0
2296,278.0,Dangerous,Danger1,1011,15,63,0,17,2,97
2297,278.0,Slow,Slow1,1068,0,0,0,0,0,0
2298,278.0,Normal,normal.2,1040,9,0,0,0,0,9
2299,278.0,Slow,s.0,1033,0,0,0,0,0,0
2300,278.0,Slow,s.1,1017,0,0,0,0,0,0
2301,278.0,Slow,s.2,622,0,0,0,0,0,0
2302,279.0,Dangerous,Danger1,1011,15,63,0,18,2,98
2303,279.0,Slow,Slow1,1074,0,0,0,0,0,0
2304,279.0,Normal,normal.2,1044,9,0,0,0,0,9
2305,279.0,Slow,s.0,1036,0,0,0,0,0,0
2306,279.0,Slow,s.1,1018,0,0,0,0,0,0
2307,279.0,Slow,s.2,626,0,0,0,0,0,0
2308,280.0,Dangerous,Danger1,1012,15,63,0,18,2,98
2309,280.0,Slow,Slow1,1081,0,0,0,0,0,0
2310,280.0,Normal,normal.2,1050,9,0,0,0,0,9
2311,280.0,Slow,s.0,1039,0,0,0,0,0,0
2312,280.0,Slow,s.1,1020,0,0,0,0,0,0
2313,280.0,Slow,s.2,629,0,0,0,0,0,0
2314,281.0,Dangerous,Danger1,1014,15,64,0,18,2,99
2315,281.0,Normal,normal.2,1055,9,0,0,0,0,9
2316,281.0,Slow,s.0,1042,0,0,0,0,0,0
2317,281.0,Slow,s.1,1022,0,0,0,0,0,0
2318,281.0,Slow,s.2,632,0,0,0,0,0,0
2319,282.0,Dangerous,Danger1,1016,15,65,0,18,2,100
2320,282.0,Normal,normal.2,1062,9,0,0,0,0,9
2321,282.0,Slow,s.0,1046,0,0,0,0,0,0
2322,282.0,Slow,s.1,1024,0,0,0,0,0,0
2323,282.0,Slow,s.2,634,0,0,0,0,0,0
2324,283.0,Dangerous,Danger1,1019,15,66,0,18,2,101
2325,283.0,Normal,normal.2,1072,9,0,0,0,0,9
2326,283.0,Slow,s.0,1051,0,0,0,0,0,0
2327,283.0,Slow,s.1,1027,0,0,0,0,0,0
2328,283.0,Slow,s.2,635,0,0,0,0,0,0
2329,284.0,Dangerous,Danger1,1021,15,67,0,18,2,102
2330,284.0,Slow,s.0,1056,0,0,0,0,0,0
2331,284.0,Slow,s.1,1030,0,0,0,0,0,0
2332,284.0,Slow,s.2,638,0,0,0,0,0,0
2333,285.0,Dangerous,Danger1,1025,15,68,0,18,2,103
2334,285.0,Slow,s.0,1061,0,0,0,0,0,0
2335,285.0,Slow,s.1,1034,0,0,0,0,0,0
2336,285.0,Slow,s.2,641,0,0,0,0,0,0
2337,286.0,Dangerous,Danger1,1028,15,69,0,18,2,104
2338,286.0,Slow,s.0,1065,0,0,0,0,0,0
2339,286.0,Slow,s.1,1038,0,0,0,0,0,0
2340,286.0,Slow,s.2,645,0,0,0,0,0,0
2341,287.0,Dangerous,Danger1,1033,15,70,0,18,2,105
2342,287.0,Slow,s.0,1071,0,0,0,0,0,0
2343,287.0,Slow,s.1,1042,0,0,0,0,0,0
2344,287.0,Slow,s.2,651,0,0,0,0,0,0
2345,288.0,Dangerous,Danger1,1037,15,71,0,18,2,106
2346,288.0,Slow,s.0,1077,0,0,0,0,0,0
2347,288.0,Slow,s.1,1047,0,0,0,0,0,0
2348,288.0,Slow,s.2,657,0,0,0,0,0,0
2349,289.0,Dangerous,Danger1,1042,15,71,0,18,2,106
2350,289.0,Slow,s.0,1084,0,0,0,0,0,0
2351,289.0,Slow,s.1,1052,0,0,0,0,0,0
2352,289.0,Slow,s.2,664,0,0,0,0,0,0
2353,290.0,Dangerous,Danger1,1047,15,71,0,18,2,106
2354,290.0,Slow,s.1,1056,0,0,0,0,0,0
2355,290.0,Slow,s.2,672,0,0,0,0,0,0
2356,291.0,Dangerous,Danger1,1052,15,71,0,18,2,106
2357,291.0,Slow,s.1,1062,0,0,0,0,0,0
2358,291.0,Slow,s.2,680,0,0,0,0,0,0
2359,292.0,Dangerous,Danger1,1057,15,72,0,18,2,107
2360,292.0,Slow,s.1,1069,0,0,0,0,0,0
2361,292.0,Slow,s.2,688,0,0,0,0,0,0
2362,293.0,Dangerous,Danger1,1064,15,73,0,18,2,108
2363,293.0,Slow,s.1,1076,0,0,0,0,0,0
2364,293.0,Slow,s.2,697,0,0,0,0,0,0
2365,294.0,Dangerous,Danger1,1071,15,73,0,18,2,108
2366,294.0,Slow,s.2,705,0,0,0,0,0,0
2367,295.0,Slow,s.2,714,0,0,0,0,0,0
2368,296.0,Slow,s.2,723,0,0,0,0,0,0
2369,297.0,Slow,s.2,732,0,0,0,0,0,0
2370,298.0,Slow,s.2,740,0,0,0,0,0,0
2371,299.0,Slow,s.2,749,0,0,0,0,0,0
2372,300.0,Slow,s.2,757,0,0,0,0,0,0
2373,301.0,Slow,s.2,766,0,0,0,0,0,0
2374,302.0,Slow,s.2,774,0,0,0,0,0,0
2375,303.0,Slow,s.2,782,0,0,0,0,0,0
2376,304.0,Slow,s.2,790,0,0,0,0,0,0
2377,305.0,Slow,s.2,798,0,0,0,0,0,0
2378,306.0,Slow,s.2,807,0,0,0,0,0,0
2379,307.0,Slow,s.2,815,0,0,0,0,0,0
2380,308.0,Slow,s.2,823,0,0,0,0,0,0
2381,309.0,Slow,s.2,831,0,0,0,0,0,0
2382,310.0,Slow,s.2,840,0,0,0,0,0,0
2383,311.0,Slow,s.2,848,0,0,0,0,0,0
2384,312.0,Slow,s.2,856,0,0,0,0,0,0
2385,313.0,Slow,s.2,865,0,0,0,0,0,0
2386,314.0,Slow,s.2,873,0,0,0,0,0,0
2387,315.0,Slow,s.2,881,0,0,0,0,0,0
2388,316.0,Slow,s.2,890,0,0,0,0,0,0
2389,317.0,Slow,s.2,898,0,0,0,0,0,0
2390,318.0,Slow,s.2,906,0,0,0,0,0,0
2391,319.0,Slow,s.2,915,0,0,0,0,0,0
2392,320.0,Slow,s.2,924,0,0,0,0,0,0
2393,321.0,Slow,s.2,933,0,0,0,0,0,0
2394,322.0,Slow,s.2,942,0,0,0,0,0,0
2395,323.0,Slow,s.2,950,0,0,0,0,0,0
2396,324.0,Slow,s.2,959,0,0,0,0,0,0
2397,325.0,Slow,s.2,968,0,0,0,0,0,0
2398,326.0,Slow,s.2,976,0,0,0,0,0,0
2399,327.0,Slow,s.2,985,0,0,0,0,0,0
2400,328.0,Slow,s.2,993,0,0,0,0,0,0
2401,329.0,Slow,s.2,1002,0,0,0,0,0,0
2402,330.0,Slow,s.2,1009,0,0,0,0,0,0
2403,331.0,Slow,s.2,1017,0,0,0,0,0,0
2404,332.0,Slow,s.2,1024,0,0,0,0,0,0
2405,333.0,Slow,s.2,1031,0,0,0,0,0,0
2406,334.0,Slow,s.2,1036,0,0,0,0,0,0
2407,335.0,Slow,s.2,1041,0,0,0,0,0,0
2408,336.0,Slow,s.2,1045,0,0,0,0,0,0
2409,337.0,Slow,s.2,1048,0,0,0,0,0,0
2410,338.0,Slow,s.2,1050,0,0,0,0,0,0
2411,339.0,Slow,s.2,1052,0,0,0,0,0,0
2412,340.0,Slow,s.2,1053,0,0,0,0,0,0
2413,341.0,Slow,s.2,1054,0,0,0,0,0,0
2414,342.0,Slow,s.2,1055,0,0,0,0,0,0
2415,343.0,Slow,s.2,1055,0,0,0,0,0,0
2416,344.0,Slow,s.2,1056,0,0,0,0,0,0
2417,345.0,Slow,s.2,1056,0,0,0,0,0,0
2418,346.0,Slow,s.2,1056,0,0,0,0,0,0
2419,347.0,Slow,s.2,1056,0,0,0,0,0,0
2420,348.0,Slow,s.2,1057,0,0,0,0,0,0
2421,349.0,Slow,s.2,1057,0,0,0,0,0,0
2422,350.0,Slow,s.2,1057,0,0,0,0,0,0
2423,351.0,Slow,s.2,1057,0,0,0,0,0,0
2424,352.0,Slow,s.2,1057,0,0,0,0,0,0
2425,353.0,Slow,s.2,1057,0,0,0,0,0,0
2426,354.0,Slow,s.2,1057,0,0,0,0,0,0
2427,355.0,Slow,s.2,1057,0,0,0,0,0,0
2428,356.0,Slow,s.2,1057,0,0,0,0,0,0
2429,357.0,Slow,s.2,1057,0,0,0,0,0,0
2430,358.0,Slow,s.2,1057,0,0,0,0,0,0
2431,359.0,Slow,s.2,1057,0,0,0,0,0,0
2432,360.0,Slow,s.2,1057,0,0,0,0,0,0
2433,361.0,Slow,s.2,1058,0,0,0,0,0,0
2434,362.0,Slow,s.2,1060,0,0,0,0,0,0
2435,363.0,Slow,s.2,1063,0,0,0,0,0,0
2436,364.0,Slow,s.2,1067,0,0,0,0,0,0
2437,365.0,Slow,s.2,1071,0,0,0,0,0,0
2438,366.0,Slow,s.2,1077,0,0,0,0,0,0
2439,367.0,Slow,s.2,1083,0,0,0,0,0,0
2440,368.0,Slow,s.2,1090,0,0,0,0,0,0
